piso,code,name,unit,price,quantity,category
"Piso EMA","AB-1627","LIMON EN POLVO",UNO,"70",108,"ALIMENTOS",
"Piso EMA","AB-1635","TE",UNO,"40",0,"ALIMENTOS",
"Piso EMA","AB-1723","COFFEE MATE",UNO,"2000",0,"ALIMENTOS",
"Piso EMA","AL-1243","ACEITE 10W 30 SINTETICO 4 Lt",Lt,"3500",49,"ACEITES Y LUBRICANTES",
"Piso EMA","AL-1245","SPRAY LIMPIA CADENA",UNO,"2000",3,"ACEITES Y LUBRICANTES",
"Piso EMA","AL-1246","SPRAY AFLOJA TORNILLO",UNO,"2000",0,"ACEITES Y LUBRICANTES",
"Piso EMA","AL-1247","LIMPIA CARBURADOR",UNO,"2000",11,"ACEITES Y LUBRICANTES",
"Piso EMA","AL-1248","ACEITE 15W 40 GASOLINA",Lt,"3250",359,"ACEITES Y LUBRICANTES",
"Piso EMA","AL-1249","ACEITE 20 W 50 GASOLINA",Lt,"3250",947,"ACEITES Y LUBRICANTES",
"Piso EMA","AL-1250","ACEITE SAE DIESEL",Lt,"3250",9,"ACEITES Y LUBRICANTES",
"Piso EMA","AL-1251","ACEITE 10 W 40 4T MOLINOL 1L",Lt,"5440",29,"ACEITES Y LUBRICANTES",
"Piso EMA","AL-1253","ACEITE 20W 50 DIESEL",Lt,"3000",262,"ACEITES Y LUBRICANTES",
"Piso EMA","AL-1396","LIQUIDO DE FRENO 350 ML",UNO,"2500",108,"ACEITES Y LUBRICANTES",
"Piso EMA","AL-1486","LIQUIDO DE FRENO",Lt,"5500",0,"ACEITES Y LUBRICANTES",
"Piso EMA","AL-1487","LIQUIDO LIMPIA INYECTORES",Lt,"4500",2,"ACEITES Y LUBRICANTES",
"Piso EMA","AL-1488","ACEITE DE TRASMISION POMO 1LT",Lt,"3500",0,"ACEITES Y LUBRICANTES",
"Piso EMA","AL-1702","GRASA CHASIS 1LT",UNO,"3500",45,"ACEITES Y LUBRICANTES",
"Piso EMA","AL-1703","GRASA BALERO 1LT",UNO,"3500",25,"ACEITES Y LUBRICANTES",
"Piso EMA","AL-1704","ACEITE MOLINOL 15W 40 1 LT",Lt,"4000",0,"ACEITES Y LUBRICANTES",
"Piso EMA","AL-1705","ACEITE 15W 40 DIESEL",Lt,"3250",242,"ACEITES Y LUBRICANTES",
"Piso EMA","AL-1728","GRASA CHASIS 4LT",UNO,"20250",228,"ACEITES Y LUBRICANTES",
"Piso EMA","AL-1729","GRASA BALEROS 4LT",UNO,"20250",20,"ACEITES Y LUBRICANTES",
"Piso EMA","AL-1755","ACEITE 2 TIEMPOS 250ML",UNO,"1500",80,"ACEITES Y LUBRICANTES",
"Piso EMA","AL-1778","AGUA REFRIGERANTE 4LT",UNO,"5000",0,"ACEITES Y LUBRICANTES",
"Piso EMA","AL-1783","ACEITE 2T 1LT",Lt,"6100",801,"ACEITES Y LUBRICANTES",
"Piso EMA","AP-1722","DESODORANTE SPRAY OBAO",UNO,"2200",0,"ARTICULOS DE ASEO Y BELLEZA",
"Piso EMA","AP-1754","CREMA DENTAL",UNO,"900",0,"ARTICULOS DE ASEO Y BELLEZA",
"Piso EMA","AP-1767","PERFUME TRABAS",UNO,"3400",0,"ARTICULOS DE ASEO Y BELLEZA",
"Piso EMA","B-1253","BOMBILLO 12V X10W",UNO,"600",0,"BOMBILLOS",
"Piso EMA","B-1254","BOMB LED PARA PIZARRA 24 V",UNO,"250",198,"BOMBILLOS",
"Piso EMA","B-1255","BOMB 12V CHIQUITA PIZARRA",UNO,"250",407,"BOMBILLOS",
"Piso EMA","B-1256","BOMB COLA PESCAO",UNO,"250",43,"BOMBILLOS",
"Piso EMA","B-1257","LED 12V TIRILLA",UNO,"300",0,"BOMBILLOS",
"Piso EMA","B-1258","LED 24V TIRILLA",UNO,"300",45,"BOMBILLOS",
"Piso EMA","B-1260","BOMBILLO FAN 32 VOLT 3 CARAS",UNO,"3500",0,"BOMBILLOS",
"Piso EMA","B-1261","BOMB MOTORINA",UNO,"1500",0,"BOMBILLOS",
"Piso EMA","B-1262","BOMB H4 (4 CARAS)",UNO,"3500",11,"BOMBILLOS",
"Piso EMA","B-1263","BOMBILLO MEDIANO LED TRACERO 12 VOLT",UNO,"600",30,"BOMBILLOS",
"Piso EMA","B-1264","BOMBILLO 24V 21W",UNO,"400",48,"BOMBILLOS",
"Piso EMA","B-1265","BOMB H4  12 V HALOGENO",PAR,"2000",11,"BOMBILLOS",
"Piso EMA","B-1266","HALOGENO 24 V",UNO,"2000",5,"BOMBILLOS",
"Piso EMA","B-1267","BOMB 1FIL 21W 12 VOLT",UNO,"400",123,"BOMBILLOS",
"Piso EMA","B-1268","BOMB 2FIL 21M (2 FILAMENTOS)",UNO,"400",0,"BOMBILLOS",
"Piso EMA","B-1269","BOMB PARPADEO",UNO,"1400",2,"BOMBILLOS",
"Piso EMA","B-1606","BOMBILLO H1 12 VOLT",UNO,"1500",1,"BOMBILLOS",
"Piso EMA","B-1614","BOMBILLO HB3 AUTO MODERNO",UNO,"4500",2,"BOMBILLOS",
"Piso EMA","B-1777","BOMBILLO PARA PIZARRA 24 V",UNO,"250",204,"BOMBILLOS",
"Piso EMA","BT-1379","BATER -IDON  90 AMP",UNO,"50000",1,"BATERIAS",
"Piso EMA","BT-1380","BATER-IDON 100 AMP",UNO,"65000",23,"BATERIAS",
"Piso EMA","BT-1381","BATERIA 75A JAPONESA",UNO,"105000",87,"BATERIAS",
"Piso EMA","BT-1382","BATERIA KOYOSONIK 150 AMP",UNO,"105000",12,"BATERIAS",
"Piso EMA","BT-1383","BATER MOURA -90 AMP",UNO,"92800",34,"BATERIAS",
"Piso EMA","BT-1384","BATER- OMEGA 75AMP",UNO,"50000",5,"BATERIAS",
"Piso EMA","BT-1385","BATERIA 200 A JAPONESA",UNO,"125000",7,"BATERIAS",
"Piso EMA","BT-1386","BATERERIA 100 AMP JAPONESA",UNO,"60000",67,"BATERIAS",
"Piso EMA","BT-1387","BATER- OMEGA 200 AMP",UNO,"120000",23,"BATERIAS",
"Piso EMA","BT-1750","BATERIA AAA",UNO,"100",0,"BATERIAS",
"Piso EMA","BT-1751","BATERIA AA",UNO,"120",0,"BATERIAS",
"Piso EMA","BT-1784","BATERIA DE MOTO 7AMP",UNO,"20100",2,"BATERIAS",
"Piso EMA","ED-1279","OLLAS FRIJOLERAS",UNO,"27000",0,"ELECTROS",
"Piso EMA","ED-1586","INVERSOR 72 VOLT",UNO,"63000",0,"ELECTROS",
"Piso EMA","ED-1587","INVERSOR 2200 W",UNO,"72000",3,"ELECTROS",
"Piso EMA","ED-1588","CARGADOR 10 A 12 VOLT",UNO,"30000",1,"ELECTROS",
"Piso EMA","ED-1589","CARGADOR 20 A",UNO,"67000",2,"ELECTROS",
"Piso EMA","ED-1590","COMPRESOR DE AIRE 12 VOLT",UNO,"18000",2,"ELECTROS",
"Piso EMA","ED-1594","MPPT SOLAR 50 A",UNO,"21000",0,"ELECTROS",
"Piso EMA","ED-1601","TRANSFER AUTOMATICO",UNO,"44800",3,"ELECTROS",
"Piso EMA","ED-1617","EQUIPO DE SOLDAR ELECTRICO",UNO,"126000",1,"ELECTROS",
"Piso EMA","ED-1621","REPRODUCTORA CON BOCINA",UNO,"55000",0,"ELECTROS",
"Piso EMA","ED-1628","GPS DIGITAL",UNO,"25000",2,"ELECTROS",
"Piso EMA","ED-1630","CARGADOR MOVIL CON BLUETOOTH",UNO,"6500",1,"ELECTROS",
"Piso EMA","ED-1651","BOCINAS PIONERS 750W",UNO,"38400",1,"ELECTROS",
"Piso EMA","ED-1666","VENTILADOR MILEXUS",UNO,"15000",33,"ELECTROS",
"Piso EMA","ED-1667","VENTILADOR RECARGABLE",UNO,"38400",70,"ELECTROS",
"Piso EMA","ED-1739","HIDROLAVADORA",UNO,"89500",2,"ELECTROS",
"Piso EMA","ED-1786","BOMBA AUTOCEBANTE",UNO,"32000",0,"ELECTROS",
"Piso EMA","ED-1787","TALADRO ELECTRICO",UNO,"19000",0,"ELECTROS",
"Piso EMA","ET-1763","MOTORINA 3 RUEDAS",UNO,"675000",0,"EQUIPOS DE TRANSPORTE",
"Piso EMA","FF-1001","BUJIA ESTRELLA ROJA",UNO,"2500",27,"FERRETERIA",
"Piso EMA","FF-1036","LATAS DE OLOR",UNO,"2500",22,"FERRETERIA",
"Piso EMA","FF-1044","SOPORTE TELEFONO",UNO,"3500",4,"FERRETERIA",
"Piso EMA","FF-1062","HERRAJE BAÑO",UNO,"3500",0,"FERRETERIA",
"Piso EMA","FF-1088","ESPANCIONADOR  DE BRONCE 8 mm",UNO,"350",0,"FERRETERIA",
"Piso EMA","FF-1109","ARANDELA DE PRESION PEQUEÑA",UNO,"15",549,"FERRETERIA",
"Piso EMA","FF-1110","ARANDELA DE PRESION GRANDE",UNO,"20",0,"FERRETERIA",
"Piso EMA","FF-1114","CATAO 60 AMP",UNO,"3500",0,"FERRETERIA",
"Piso EMA","FF-1117","CAPACITOR 400 MICRO",UNO,"4200",1,"FERRETERIA",
"Piso EMA","FF-1118","DUCHA SANIT",UNO,"1500",0,"FERRETERIA",
"Piso EMA","FF-1119","BRACHA 4pg",UNO,"950",0,"FERRETERIA",
"Piso EMA","FF-1123","BREAKER  NEGRO DOBLE 40 AP",UNO,"2500",0,"FERRETERIA",
"Piso EMA","FF-1124","BREAKER  63 AP SENCILLO",UNO,"1500",0,"FERRETERIA",
"Piso EMA","FF-1125","BREAKER 40A SIMPLE",UNO,"1600",3,"FERRETERIA",
"Piso EMA","FF-1126","BOMBILLA RECARGABLE",UNO,"2500",0,"FERRETERIA",
"Piso EMA","FF-1127","CEPLLO ALAMBRE",UNO,"900",0,"FERRETERIA",
"Piso EMA","FF-1128","BARRENAS TUGSTENO",UNO,"400",0,"FERRETERIA",
"Piso EMA","FF-1129","CANDADO GRANDE",UNO,"1600",6,"FERRETERIA",
"Piso EMA","FF-1130","CEMENTO BLANCO",UNO,"2500",0,"FERRETERIA",
"Piso EMA","FF-1131","CAPACITOR 35 MICRO",UNO,"3800",0,"FERRETERIA",
"Piso EMA","FF-1132","CAPACITOR DE AIRE 30 MF",UNO,"4500",0,"FERRETERIA",
"Piso EMA","FF-1133","CORTINERO DE BANO",UNO,"3500",0,"FERRETERIA",
"Piso EMA","FF-1134","CUCHILLO",UNO,"1500",0,"FERRETERIA",
"Piso EMA","FF-1135","CABLE 10",m,"1300",260,"FERRETERIA",
"Piso EMA","FF-1136","CASCO PARA MOTO",UNO,"6000",0,"FERRETERIA",
"Piso EMA","FF-1137","DISCO DESBASTE",UNO,"900",10,"FERRETERIA",
"Piso EMA","FF-1138","DELCO PEGAMENTO PLASTICO EPOXI",UNO,"1300",7,"FERRETERIA",
"Piso EMA","FF-1140","DISCO CORTE",UNO,"250",6,"FERRETERIA",
"Piso EMA","FF-1141","DISCO MILOJA",UNO,"800",3,"FERRETERIA",
"Piso EMA","FF-1142","EMBUDO PLASTICO",UNO,"2500",9,"FERRETERIA",
"Piso EMA","FF-1143","CANDADO PEQUEÑO",UNO,"450",1,"FERRETERIA",
"Piso EMA","FF-1144","ESPAGUETI FINO",UNO,"300",0,"FERRETERIA",
"Piso EMA","FF-1145","EXTENSION 10M",UNO,"4500",1,"FERRETERIA",
"Piso EMA","FF-1146","ESPIGA CABLE",UNO,"350",0,"FERRETERIA",
"Piso EMA","FF-1147","EMBUDO METAL",UNO,"2500",0,"FERRETERIA",
"Piso EMA","FF-1148","CANDADO MEDIANO",UNO,"800",0,"FERRETERIA",
"Piso EMA","FF-1149","GAMUZA CHIQUITA",UNO,"4000",19,"FERRETERIA",
"Piso EMA","FF-1150","BARRENA  3MM",UNO,"350",16,"FERRETERIA",
"Piso EMA","FF-1151","GAMUZA GRANDE",UNO,"2500",0,"FERRETERIA",
"Piso EMA","FF-1153"," JUEGO CUBO METAL",UNO,"5000",3,"FERRETERIA",
"Piso EMA","FF-1154","LIJA",UNO,"150",639,"FERRETERIA",
"Piso EMA","FF-1155","LATIGUILLO METALICO",UNO,"900",0,"FERRETERIA",
"Piso EMA","FF-1156","LLAVE TALADRO",UNO,"900",5,"FERRETERIA",
"Piso EMA","FF-1158","LIJADORA",UNO,"21000",4,"FERRETERIA",
"Piso EMA","FF-1159","LLAVIN PUERTA ANTICOPIA",UNO,"6000",1,"FERRETERIA",
"Piso EMA","FF-1160","MASORCA TALADRO",UNO,"3800",2,"FERRETERIA",
"Piso EMA","FF-1161","BARRENA 6 MM",UNO,"450",2,"FERRETERIA",
"Piso EMA","FF-1162","MANILLA PUERTA CASA",UNO,"1200",2,"FERRETERIA",
"Piso EMA","FF-1163","TOMAREGLETA",UNO,"500",0,"FERRETERIA",
"Piso EMA","FF-1164","TEIPE",UNO,"350",0,"FERRETERIA",
"Piso EMA","FF-1165","BARRENA 3.16",UNO,"400",3,"FERRETERIA",
"Piso EMA","FF-1166","TORNILLO 6 mm",UNO,"150",192,"FERRETERIA",
"Piso EMA","FF-1167","BARRENA 4 mm",UNO,"400",18,"FERRETERIA",
"Piso EMA","FF-1168","TOMACORRIENTE DOBLE FABRICA 15A",UNO,"1400",41,"FERRETERIA",
"Piso EMA","FF-1169","TORNILLO- 5",UNO,"100",0,"FERRETERIA",
"Piso EMA","FF-1171","PRECINTA TRASPARENTE",UNO,"900",1,"FERRETERIA",
"Piso EMA","FF-1172","BARRENA 5 MM",UNO,"400",12,"FERRETERIA",
"Piso EMA","FF-1173","PRECINTA AIRE",UNO,"1500",0,"FERRETERIA",
"Piso EMA","FF-1174","PELO CEGUETA",UNO,"300",19,"FERRETERIA",
"Piso EMA","FF-1175","PRESILLA GAS MEDIANA",UNO,"150",11,"FERRETERIA",
"Piso EMA","FF-1176","PRESILLA CHIQUITA",UNO,"120",2,"FERRETERIA",
"Piso EMA","FF-1177","PLASTICOLA",UNO,"1800",10,"FERRETERIA",
"Piso EMA","FF-1178","PICAPORTE",UNO,"3800",0,"FERRETERIA",
"Piso EMA","FF-1179","PEGA BAJE",UNO,"3500",0,"FERRETERIA",
"Piso EMA","FF-1180","PRESILLA METAL GRANDE",UNO,"400",20,"FERRETERIA",
"Piso EMA","FF-1181","PEGA PLASTICO ACRILICO",UNO,"120",0,"FERRETERIA",
"Piso EMA","FF-1182","PRECINTA DE NYLON",UNO,"1200",6,"FERRETERIA",
"Piso EMA","FF-1183","BRIDA 3.6 X 150MM",UNO,"20",452,"FERRETERIA",
"Piso EMA","FF-1184","CORRECTOR DE COLORES",UNO,"25",130,"FERRETERIA",
"Piso EMA","FF-1185","PIEDRA  ESMERIL",UNO,"3500",0,"FERRETERIA",
"Piso EMA","FF-1186","PRECINTA GRIS",UNO,"1500",0,"FERRETERIA",
"Piso EMA","FF-1187","PRECINTA PAPEL",UNO,"2500",12,"FERRETERIA",
"Piso EMA","FF-1188","PISTOLA GAS",UNO,"900",0,"FERRETERIA",
"Piso EMA","FF-1189","REGULADOR VOLTAJE",UNO,"17500",10,"FERRETERIA",
"Piso EMA","FF-1190","PINZA PRESION",UNO,"3500",0,"FERRETERIA",
"Piso EMA","FF-1191","REGULADOR COMPUTADORA",UNO,"1500",0,"FERRETERIA",
"Piso EMA","FF-1192","SOQUE PLANO",UNO,"5000",0,"FERRETERIA",
"Piso EMA","FF-1193","SOQUE NORMAL",UNO,"350",0,"FERRETERIA",
"Piso EMA","FF-1194","BRIDA 4.8 X 400MM",UNO,"40",24,"FERRETERIA",
"Piso EMA","FF-1195","SILICONA CALOR",UNO,"900",22,"FERRETERIA",
"Piso EMA","FF-1196","SILICONA TRANSPARENTE",UNO,"1500",1,"FERRETERIA",
"Piso EMA","FF-1197","ADAPTADOR NEGRO PEQUEÑO",UNO,"350",14,"FERRETERIA",
"Piso EMA","FF-1198","ALICATE U OTROS SIMILARES",UNO,"3000",0,"FERRETERIA",
"Piso EMA","FF-1201","ELECTRODO SOLD LAORABLE 6013",UNO,"50",95,"FERRETERIA",
"Piso EMA","FF-1202","ELECTRODO ACERO INOXIDABLE",UNO,"250",711,"FERRETERIA",
"Piso EMA","FF-1203","DESTORNILLADOR GRANDE PUNTA",UNO,"18000",2,"FERRETERIA",
"Piso EMA","FF-1204","BRIDA 4.8 X 500MM",UNO,"50",177,"FERRETERIA",
"Piso EMA","FF-1205","ADAPTADOR GRANDE BLANCO",UNO,"400",5,"FERRETERIA",
"Piso EMA","FF-1206","FLASHI 12 VOLT",UNO,"1500",7,"FERRETERIA",
"Piso EMA","FF-1207","ARANDELA DE PRESION",UNO,"20",0,"FERRETERIA",
"Piso EMA","FF-1208","BREAK 63 AM PLANTA CUHILLA",UNO,"19040",11,"FERRETERIA",
"Piso EMA","FF-1209","BROCHA 6mm",UNO,"1500",9,"FERRETERIA",
"Piso EMA","FF-1210","BROCHA 5MM",UNO,"1300",0,"FERRETERIA",
"Piso EMA","FF-1211","GRAMPA DE TECHO",UNO,"30",0,"FERRETERIA",
"Piso EMA","FF-1212","RELAY 24 VOLT",PAR,"1300",19,"FERRETERIA",
"Piso EMA","FF-1238","CONECTOR DORADO",UNO,"25",0,"FERRETERIA",
"Piso EMA","FF-1278","VALVULA METAL",UNO,"350",0,"FERRETERIA",
"Piso EMA","FF-1479","BISAGRAS",PAR,"1800",4,"FERRETERIA",
"Piso EMA","FF-1480","CHEQUES 1PULG",UNO,"1800",4,"FERRETERIA",
"Piso EMA","FF-1481","VOLTIMETRO 12 VOLT",UNO,"3500",5,"FERRETERIA",
"Piso EMA","FF-1482","CRANES 12X125",UNO,"2100",8,"FERRETERIA",
"Piso EMA","FF-1483","CRANES 12X150",UNO,"1400",0,"FERRETERIA",
"Piso EMA","FF-1484","CRANES 14X150",UNO,"1100",19,"FERRETERIA",
"Piso EMA","FF-1485","BUJIAS NGK",UNO,"2500",20,"FERRETERIA",
"Piso EMA","FF-1486","BUJIAS PRISMA Y TAINO",UNO,"2000",23,"FERRETERIA",
"Piso EMA","FF-1487","BUJIAS CHAMPIOS",UNO,"1500",0,"FERRETERIA",
"Piso EMA","FF-1488","BUJIAS FINA 4T",UNO,"1500",22,"FERRETERIA",
"Piso EMA","FF-1489","MEDIDOR DE AIRE",UNO,"1500",0,"FERRETERIA",
"Piso EMA","FF-1490","LLAVE ALLEN GRANDE",UNO,"3800",4,"FERRETERIA",
"Piso EMA","FF-1493","DISCO CORTE SIERRA",UNO,"1600",2,"FERRETERIA",
"Piso EMA","FF-1494","ESPONJA MOOR LAVAR AUTOS",UNO,"1300",15,"FERRETERIA",
"Piso EMA","FF-1495","ESPIGA GRANDE PLANTA MACHO",UNO,"1200",13,"FERRETERIA",
"Piso EMA","FF-1496","GOMA PATA ARRANQ MOTOR",UNO,"650",7,"FERRETERIA",
"Piso EMA","FF-1497","CHIRRIADORA",UNO,"3500",0,"FERRETERIA",
"Piso EMA","FF-1498","CHIRRI CHIQUITO",UNO,"35",635,"FERRETERIA",
"Piso EMA","FF-1501","LLAVE PVC AGUA",UNO,"650",0,"FERRETERIA",
"Piso EMA","FF-1502","MULTIMETRO",UNO,"8500",1,"FERRETERIA",
"Piso EMA","FF-1503","NIPLE 1/2",UNO,"350",1,"FERRETERIA",
"Piso EMA","FF-1504","MANGUERA GASOLINA",UNO,"200",3,"FERRETERIA",
"Piso EMA","FF-1505","MANG LAVADORA",UNO,"1500",0,"FERRETERIA",
"Piso EMA","FF-1506","MANG SILICONA GAS",m,"800",10,"FERRETERIA",
"Piso EMA","FF-1508","TUBO LED LAMPARA 40",UNO,"3500",21,"FERRETERIA",
"Piso EMA","FF-1510","PROTECTOR VOLTAGE",UNO,"4000",0,"FERRETERIA",
"Piso EMA","FF-1512","PESTILLO 3PG",UNO,"600",2,"FERRETERIA",
"Piso EMA","FF-1513","PESA DIGITAL",UNO,"3800",0,"FERRETERIA",
"Piso EMA","FF-1514","PUNTA DESTORNL",UNO,"3500",1,"FERRETERIA",
"Piso EMA","FF-1516","SILICONA NEUTRA",UNO,"2400",1,"FERRETERIA",
"Piso EMA","FF-1520","TAPA DE VALVULA",UNO,"300",228,"FERRETERIA",
"Piso EMA","FF-1579","LLAVE MEZCLADORA DUCHA",UNO,"12500",0,"FERRETERIA",
"Piso EMA","FF-1580","LLAVE LAVAMANOS",UNO,"3500",5,"FERRETERIA",
"Piso EMA","FF-1581","DUCHA ELECTRICA",UNO,"15000",3,"FERRETERIA",
"Piso EMA","FF-1582","LLAVE DE FREGADERO GANZO",UNO,"3700",1,"FERRETERIA",
"Piso EMA","FF-1583","BARRAS SILICONA",UNO,"150",15,"FERRETERIA",
"Piso EMA","FF-1585","MALLA PLASTICA PARA PERSIANAS",m,"2000",64,"FERRETERIA",
"Piso EMA","FF-1591","CORNETA COMPRESOR",UNO,"20000",1,"FERRETERIA",
"Piso EMA","FF-1592","PONCHE FRIO",UNO,"2000",15,"FERRETERIA",
"Piso EMA","FF-1600","CALCOMANIAS FOSFORESCENTES",UNO,"100",0,"FERRETERIA",
"Piso EMA","FF-1602","TOMA DE PANELES SOLARES",UNO,"2000",27,"FERRETERIA",
"Piso EMA","FF-1611","PASTA PARA SOLDAR",UNO,"2000",9,"FERRETERIA",
"Piso EMA","FF-1612","TUBOS DE ESTAÑO",UNO,"1500",9,"FERRETERIA",
"Piso EMA","FF-1615","CABLE PARA BOCINAS DE AUTO",m,"500",14,"FERRETERIA",
"Piso EMA","FF-1618","FUSIBLE 30 A",UNO,"100",184,"FERRETERIA",
"Piso EMA","FF-1626","CAJA DE PRESILLAS",UNO,"250",0,"FERRETERIA",
"Piso EMA","FF-1636","BASES DE RELAY",UNO,"1300",29,"FERRETERIA",
"Piso EMA","FF-1641","CORREA DE LAVADORA MODERNA",UNO,"2400",2,"FERRETERIA",
"Piso EMA","FF-1645","CAPACITOR 20 MF",UNO,"2000",0,"FERRETERIA",
"Piso EMA","FF-1649","ESPIRALES REPELENTES INSECTOS",UNO,"200",126,"FERRETERIA",
"Piso EMA","FF-1650","SPRAY REPELENTE",UNO,"2000",26,"FERRETERIA",
"Piso EMA","FF-1653","BUOS",UNO,"4500",0,"FERRETERIA",
"Piso EMA","FF-1654","CANDADO CIRCULAR MOTO Y BICICLETA",UNO,"2800",6,"FERRETERIA",
"Piso EMA","FF-1710","ESPAGUETIS TERMICOS",UNO,"350",46,"FERRETERIA",
"Piso EMA","FF-1717","TOMACORRIENTE MODERNO",UNO,"900",0,"FERRETERIA",
"Piso EMA","FF-1719","TOMACORRIENTE E INETRUPTOR COMBINADO",UNO,"900",11,"FERRETERIA",
"Piso EMA","FF-1733","BREAKER 20A DOBLE",UNO,"2500",0,"FERRETERIA",
"Piso EMA","FF-1734","BREAKER 16A DOBLE",UNO,"2500",0,"FERRETERIA",
"Piso EMA","FF-1735","BREAKER 32A DOBLE",UNO,"2500",0,"FERRETERIA",
"Piso EMA","FF-1736","BREAKER 40A DOBLE",UNO,"2500",0,"FERRETERIA",
"Piso EMA","FF-1737","VALVULAS #14",UNO,"500",218,"FERRETERIA",
"Piso EMA","FF-1742","CABLE CARGADOR DE BATERIA",UNO,"1500",0,"FERRETERIA",
"Piso EMA","FF-1743","LUZ DE SERVICIO",UNO,"3500",1,"FERRETERIA",
"Piso EMA","FF-1752","CALCOMANIA",UNO,"300",196,"FERRETERIA",
"Piso EMA","FF-1753","ESCOBA",UNO,"1000",1,"FERRETERIA",
"Piso EMA","FF-1757","CABLE PARA CARGAR CELULAR",UNO,"800",0,"FERRETERIA",
"Piso EMA","FF-1758","CALCOMANIA REFLECTORES",UNO,"80",0,"FERRETERIA",
"Piso EMA","FF-1760","CAPACITOR 300MF",UNO,"4800",8,"FERRETERIA",
"Piso EMA","FF-1761","CABLE ROYAL COOL",m,"650",68,"FERRETERIA",
"Piso EMA","FF-1762","TERMO RETRACTIL (CAJA 160 PIEZAS)",UNO,"2500",10,"FERRETERIA",
"Piso EMA","FF-1763","TERMO RETRACTIL (CAJA 180 PIEZAS)",UNO,"3500",0,"FERRETERIA",
"Piso EMA","FF-1780","BROCHAS 3''",UNO,"700",0,"FERRETERIA",
"Piso EMA","FF-1785","CABLE DE COBRE No12",m,"700",206,"FERRETERIA",
"Piso EMA","FF-1788","BROCHAS 4''",UNO,"950",2,"FERRETERIA",
"Piso EMA","FF-1789","BROCHAS 2''",UNO,"500",0,"FERRETERIA",
"Piso EMA","FF-1790","EXTENSION 6M",UNO,"3500",0,"FERRETERIA",
"Piso EMA","FF-1791","EXTENSION FINA",UNO,"2500",0,"FERRETERIA",
"Piso EMA","FF-1792","CINTA REFLECTORA DOS COLORES",UNO,"250",8932,"FERRETERIA",
"Piso EMA","JJ-1593","RELOJ ORIEN HOMBRE",UNO,"8000",1,"JOYERIA",
"Piso EMA","NA-1478","GOMA AUTO 15/185/65",UNO,"32000",3,"NEUMATICOS AUTO",
"Piso EMA","NA-1637","GOMA 15 AUTO",UNO,"30000",15,"NEUMATICOS AUTO",
"Piso EMA","NA-1638","GOMA 14 AUTO",UNO,"30000",5,"NEUMATICOS AUTO",
"Piso EMA","NA-1639","GOMA 13 AUTO",UNO,"24000",2,"NEUMATICOS AUTO",
"Piso EMA","NM-1231","GOMA DE TACOS18X350",UNO,"22000",0,"NEUMATICOS MOTO",
"Piso EMA","NM-1232","GOMA 14/90/90 UNISUKI",UNO,"15000",1,"NEUMATICOS MOTO",
"Piso EMA","NM-1233","GOMA 12",UNO,"15000",0,"NEUMATICOS MOTO",
"Piso EMA","NM-1234","CAMARA 16 X 250",UNO,"3500",11,"NEUMATICOS MOTO",
"Piso EMA","NM-1236","CAMARA 16/300/250",UNO,"3500",1,"NEUMATICOS MOTO",
"Piso EMA","NM-1237","CAMARA 26 MONTAÑESA",UNO,"2200",0,"NEUMATICOS MOTO",
"Piso EMA","NM-1239","VALVULA CRIOLLA",UNO,"300",0,"NEUMATICOS MOTO",
"Piso EMA","NM-1240","VALVULA MOTORINA",UNO,"500",0,"NEUMATICOS MOTO",
"Piso EMA","NM-1241","CAMARA 300 X 18",UNO,"3500",0,"NEUMATICOS MOTO",
"Piso EMA","NM-1242","GOMA M 18X275",UNO,"15000",2,"NEUMATICOS MOTO",
"Piso EMA","NM-1480","GOMA DE TACOS 18 MOTO",UNO,"22000",0,"NEUMATICOS MOTO",
"Piso EMA","NM-1481","GOMA MOTORINA 13",UNO,"17000",0,"NEUMATICOS MOTO",
"Piso EMA","NM-1483","GOMA MOTO JAWA PISTA",UNO,"22000",5,"NEUMATICOS MOTO",
"Piso EMA","NM-1484","GOMA 14 MOTORINA",UNO,"22000",1,"NEUMATICOS MOTO",
"Piso EMA","NM-1656","CAMARA 16/300",UNO,"3500",13,"NEUMATICOS MOTO",
"Piso EMA","NM-1657","CAMARA 16/350",UNO,"3500",9,"NEUMATICOS MOTO",
"Piso EMA","PA-1000","AMORTIGUADOR  AUTO AMERICANO",PAR,"35000",3,"PIEZAS DE AUTO",
"Piso EMA","PA-1003","CABLE CULEBRILLA AX-100",UNO,"1800",1,"PIEZAS DE AUTO",
"Piso EMA","PA-1004","CDI",UNO,"3800",16,"PIEZAS DE AUTO",
"Piso EMA","PA-1005","ESPANCIONADORES GRANDE (8 mm)",UNO,"350",23,"PIEZAS DE AUTO",
"Piso EMA","PA-1007","CALSO GOMA DE V8",UNO,"10000",8,"PIEZAS DE AUTO",
"Piso EMA","PA-1010","MANGUERA  FRENO MOTO",UNO,"1800",41,"PIEZAS DE AUTO",
"Piso EMA","PA-1011","ENCENDEDOR CIGARRO",UNO,"4000",0,"PIEZAS DE AUTO",
"Piso EMA","PA-1012","FILTRO YUNDAY DIESEL",UNO,"6000",2,"PIEZAS DE AUTO",
"Piso EMA","PA-1013","FILTRO GASOLINA LADA",UNO,"2500",0,"PIEZAS DE AUTO",
"Piso EMA","PA-1014","FILTRO AIRE LADA",UNO,"4000",1,"PIEZAS DE AUTO",
"Piso EMA","PA-1016","CHAPALETA CUADRADA",UNO,"1200",0,"PIEZAS DE AUTO",
"Piso EMA","PA-1017","CHAPALETA REDONDA",PAR,"2000",0,"PIEZAS DE AUTO",
"Piso EMA","PA-1020","TUBERIA FRENO",PAR,"15000",3,"PIEZAS DE AUTO",
"Piso EMA","PA-1021","ALFOMBRA DE AUTO SILICONA",UNO,"9000",0,"PIEZAS DE AUTO",
"Piso EMA","PA-1022","PRESILLA CARBURADOR",UNO,"400",0,"PIEZAS DE AUTO",
"Piso EMA","PA-1023","REPRODUCTORA AUTO",UNO,"24000",1,"PIEZAS DE AUTO",
"Piso EMA","PA-1024","RELAY 100AP 12V",UNO,"1300",0,"PIEZAS DE AUTO",
"Piso EMA","PA-1025","RESPUESTO FOCO DELANTERO MOSK",PAR,"7000",4,"PIEZAS DE AUTO",
"Piso EMA","PA-1026","REPUESTO TRASERO FOCO AUTO LADA",PAR,"7000",0,"PIEZAS DE AUTO",
"Piso EMA","PA-1027","BOMBA ELEC LADA",UNO,"10000",0,"PIEZAS DE AUTO",
"Piso EMA","PA-1028","PIÑON GN",UNO,"1500",0,"PIEZAS DE AUTO",
"Piso EMA","PA-1029","BORNE DE BATERIA",UNO,"4000",19,"FERRETERIA",
"Piso EMA","PA-1030","ALTERNADOR YUNDAY",UNO,"45000",0,"PIEZAS DE AUTO",
"Piso EMA","PA-1031","CORREA LADA",UNO,"2800",0,"PIEZAS DE AUTO",
"Piso EMA","PA-1034","FOCO LATERAL AUTO LADA",PAR,"3500",7,"PIEZAS DE AUTO",
"Piso EMA","PA-1054","BOMBA DE FRENO YUNDAY",UNO,"49000",3,"PIEZAS DE AUTO",
"Piso EMA","PA-1079","NEBLINERO CUADRADO",UNO,"3500",0,"PIEZAS DE AUTO",
"Piso EMA","PA-1099","TAPA RADIADOR AUTOS MODERNOS",UNO,"3000",19,"PIEZAS DE AUTO",
"Piso EMA","PA-1235","CAMARA 16 X 325",UNO,"3500",0,"PIEZAS DE AUTO",
"Piso EMA","PA-1286","AMPERIMETRO",UNO,"7500",0,"PIEZAS DE AUTO",
"Piso EMA","PA-1288","JUEGO CARBON YUNDAY",UNO,"4500",4,"PIEZAS DE AUTO",
"Piso EMA","PA-1289","JUEGO INTERMITENTE V8",UNO,"7500",1,"PIEZAS DE AUTO",
"Piso EMA","PA-1293","JUNKILLO LADA",m,"3500",0,"PIEZAS DE AUTO",
"Piso EMA","PA-1294","KIT MANGUERA LADA Y MOSK (AGUA)",PAR,"15000",2,"PIEZAS DE AUTO",
"Piso EMA","PA-1295","KOMANDO KAMA",UNO,"18000",1,"PIEZAS DE AUTO",
"Piso EMA","PA-1297","MOTOR LIMPIA PARABRISA LADA",UNO,"14000",1,"PIEZAS DE AUTO",
"Piso EMA","PA-1299","MANGUERA DE PRESION YUNDAY",UNO,"6000",0,"PIEZAS DE AUTO",
"Piso EMA","PA-1300","MACHETE ELECTRICO",UNO,"7500",0,"PIEZAS DE AUTO",
"Piso EMA","PA-1301","MANGUERA IDROWAA",UNO,"3500",0,"PIEZAS DE AUTO",
"Piso EMA","PA-1302","MESULA DE LADA",UNO,"8000",8,"PIEZAS DE AUTO",
"Piso EMA","PA-1303","MANGUERA AGUA RAYADOR LADA",UNO,"5500",0,"PIEZAS DE AUTO",
"Piso EMA","PA-1304","MANGUERA RADIADOR DE AGUA CRIOLLA",UNO,"6000",6,"PIEZAS DE AUTO",
"Piso EMA","PA-1306","MANGUERA DE FRENO WUA",UNO,"4000",10,"PIEZAS DE AUTO",
"Piso EMA","PA-1307","MANGUERA DE FRENO LADA",UNO,"3900",1,"PIEZAS DE AUTO",
"Piso EMA","PA-1308","MANILLA PUERTA LADA JGO 4 UNIDADES",UNO,"8000",2,"PIEZAS DE AUTO",
"Piso EMA","PA-1311","MANILLA PUERTA DE MOSK",PAR,"35000",0,"PIEZAS DE AUTO",
"Piso EMA","PA-1312","MOTOR ARRANQUE MOSK",UNO,"65000",0,"PIEZAS DE AUTO",
"Piso EMA","PA-1313","MANGUERA GANDA RADIADOR",UNO,"6000",1,"PIEZAS DE AUTO",
"Piso EMA","PA-1314","PASTILLA DE FRENO MOSKOVICH",PAR,"9000",1,"PIEZAS DE AUTO",
"Piso EMA","PA-1315","PATIN CORTO LADA",UNO,"3500",2,"PIEZAS DE AUTO",
"Piso EMA","PA-1316","PATIN LARGO LADA",UNO,"3000",3,"PIEZAS DE AUTO",
"Piso EMA","PA-1317","AMORTIGUADOR LADA",UNO,"39000",5,"PIEZAS DE AUTO",
"Piso EMA","PA-1318","PULMON TEMPERATURA LADA",UNO,"2500",0,"PIEZAS DE AUTO",
"Piso EMA","PA-1319","PANTALLA H4",UNO,"30000",6,"PIEZAS DE AUTO",
"Piso EMA","PA-1321","PANTALLA TRASERA LADA 1600",PAR,"20000",0,"PIEZAS DE AUTO",
"Piso EMA","PA-1322","PANTALLA LED",UNO,"17500",3,"PIEZAS DE AUTO",
"Piso EMA","PA-1323","PANTALLA TRASERA MOSK",PAR,"20000",0,"PIEZAS DE AUTO",
"Piso EMA","PA-1324","PANTALLA  WAZ",PAR,"14000",4,"PIEZAS DE AUTO",
"Piso EMA","PA-1325","PASTILLA DE FRENO LADA",PAR,"8000",0,"PIEZAS DE AUTO",
"Piso EMA","PA-1329","PULMON TEMPERATURA MOSK",UNO,"2500",6,"PIEZAS DE AUTO",
"Piso EMA","PA-1331","PANTALLA DELANTERA YUN",PAR,"27000",2,"PIEZAS DE AUTO",
"Piso EMA","PA-1332","PULMON MARCHA ATRÁS",UNO,"2500",5,"PIEZAS DE AUTO",
"Piso EMA","PA-1333","NEBLINEROS GRANDES AUTO",UNO,"15000",1,"PIEZAS DE AUTO",
"Piso EMA","PA-1334","PILOTO",UNO,"1000",1,"PIEZAS DE AUTO",
"Piso EMA","PA-1336","PLATO OPRESOR LADA",UNO,"38000",2,"PIEZAS DE AUTO",
"Piso EMA","PA-1337","SISTEMA LIMPIA PARABRISA LADA",UNO,"28000",1,"PIEZAS DE AUTO",
"Piso EMA","PA-1340","CILINDRO CAMIONETA CHINA",PAR,"12000",2,"PIEZAS DE AUTO",
"Piso EMA","PA-1342","TAPON BOMBETA DIESEL",UNO,"3000",1,"PIEZAS DE AUTO",
"Piso EMA","PA-1343","TAPA DELCO LADA",UNO,"5500",2,"PIEZAS DE AUTO",
"Piso EMA","PA-1346","TURBINA AGUA 1 PULGADA",UNO,"20000",1,"ELECTROS",
"Piso EMA","PA-1349","TECLAS PIZARRA",UNO,"2500",2,"PIEZAS DE AUTO",
"Piso EMA","PA-1350","TERMOSTATO YUNDAY",UNO,"8000",1,"PIEZAS DE AUTO",
"Piso EMA","PA-1351","TERMINAL DIRECCION CARRO AMER",UNO,"8800",1,"PIEZAS DE AUTO",
"Piso EMA","PA-1355","REPARACION PINZA MOSK",UNO,"17000",1,"PIEZAS DE AUTO",
"Piso EMA","PA-1356","REPARACION TERMINAL MOSK",PAR,"21000",0,"PIEZAS DE AUTO",
"Piso EMA","PA-1357","RODAMIENTO LADA ROYETE CHICO",UNO,"3500",0,"PIEZAS DE AUTO",
"Piso EMA","PA-1358","RELOJ TEMPERATURA DIGITAL",UNO,"7500",2,"PIEZAS DE AUTO",
"Piso EMA","PA-1359","RELOJ TEMPERATURA LADA",UNO,"7500",0,"PIEZAS DE AUTO",
"Piso EMA","PA-1361","REPARACION CENTRO DELANTERO LADA",UNO,"16000",0,"PIEZAS DE AUTO",
"Piso EMA","PA-1362","ROTON LADA",UNO,"3500",5,"PIEZAS DE AUTO",
"Piso EMA","PA-1364","ROTON MOSKOVICH",UNO,"3500",3,"PIEZAS DE AUTO",
"Piso EMA","PA-1366","RODAMIENTO CHIQUITO MOSK",UNO,"3500",1,"PIEZAS DE AUTO",
"Piso EMA","PA-1367","RODAMIENTO MOSCOVICH GRANDE",UNO,"3500",1,"PIEZAS DE AUTO",
"Piso EMA","PA-1368","RADIADOR CLARIA",UNO,"100000",2,"PIEZAS DE AUTO",
"Piso EMA","PA-1369","RADIADOR LADA",UNO,"60000",1,"PIEZAS DE AUTO",
"Piso EMA","PA-1370","RELOJ PRESION DE ACEITE",UNO,"7500",0,"PIEZAS DE AUTO",
"Piso EMA","PA-1372","REPARACION SINFIN MOSK",UNO,"7000",2,"PIEZAS DE AUTO",
"Piso EMA","PA-1373","RELOJ YUND",UNO,"7500",1,"PIEZAS DE AUTO",
"Piso EMA","PA-1378","LAMPARA DE SALON DE LADA 2107",UNO,"3000",8,"PIEZAS DE AUTO",
"Piso EMA","PA-1388","BRAZO LIMPIA PARABRISA MOSK",PAR,"11000",2,"PIEZAS DE AUTO",
"Piso EMA","FF-1390","CARETA NO POLARIZADA",UNO,"8000",1,"FERRETERIA",
"Piso EMA","PA-1391","COMANDO LUCES LADA",UNO,"15000",1,"PIEZAS DE AUTO",
"Piso EMA","PA-1392","CARBON LADA",UNO,"3500",1,"PIEZAS DE AUTO",
"Piso EMA","PA-1393","CRUCETA WUAZ",UNO,"20400",4,"PIEZAS DE AUTO",
"Piso EMA","PA-1395","COLLARIN LADA",UNO,"9000",2,"PIEZAS DE AUTO",
"Piso EMA","PA-1398","CAJA FUSILE LADA",UNO,"4500",0,"PIEZAS DE AUTO",
"Piso EMA","PA-1399","CAJA FUSIBLE MOSK (MEXICO)",UNO,"3500",2,"PIEZAS DE AUTO",
"Piso EMA","PA-1400","DISCO CLOCH LADA",UNO,"8000",0,"PIEZAS DE AUTO",
"Piso EMA","PA-1401","ELECTROVALBULA ARRANQUE ARRQ",UNO,"21000",1,"PIEZAS DE AUTO",
"Piso EMA","PA-1405","ESPEJO  LADA",PAR,"14000",0,"PIEZAS DE AUTO",
"Piso EMA","PA-1409","APOYA BRAZO DE LADA",UNO,"15000",0,"PIEZAS DE AUTO",
"Piso EMA","PA-1410","BOMBETA PETROLEO  YUNDAY SIMPLE",UNO,"11000",1,"PIEZAS DE AUTO",
"Piso EMA","PA-1411","BOMBA GASOLINA",UNO,"20400",2,"PIEZAS DE AUTO",
"Piso EMA","PA-1413","BOTON STOP FRENO LADA",UNO,"3500",2,"PIEZAS DE AUTO",
"Piso EMA","PA-1414","PIZARRA 3 RELOJES",UNO,"17000",0,"PIEZAS DE AUTO",
"Piso EMA","PA-1415","BOMBA FRENO MOSK C-TODO",UNO,"1",0,"PIEZAS DE AUTO",
"Piso EMA","PA-1416","BOMBA AGUA MOSK",UNO,"13000",2,"PIEZAS DE AUTO",
"Piso EMA","PA-1418","BOMBA AGUA LADA",UNO,"20400",2,"PIEZAS DE AUTO",
"Piso EMA","PA-1419","CAJA ELECT DELCO",UNO,"6000",2,"PIEZAS DE AUTO",
"Piso EMA","PA-1420","CRUCETA LADA",UNO,"6500",4,"PIEZAS DE AUTO",
"Piso EMA","PA-1422","CALSO MOTOR YUNDAY",PAR,"12000",0,"PIEZAS DE AUTO",
"Piso EMA","PA-1424","BOMBETA DIESEL COMPLETA",UNO,"22800",0,"PIEZAS DE AUTO",
"Piso EMA","PA-1425","SELLO 35 X 45",UNO,"1300",0,"PIEZAS DE AUTO",
"Piso EMA","PA-1427","CORREA YUNDAY",UNO,"3000",3,"PIEZAS DE AUTO",
"Piso EMA","PA-1428","CRUCETA 28 YUNDAY",UNO,"1",0,"PIEZAS DE AUTO",
"Piso EMA","PA-1432","CALSO 100 MILL KM LADA",UNO,"14000",1,"PIEZAS DE AUTO",
"Piso EMA","PA-1433","CALSO BARRA CLARIA",UNO,"24000",2,"PIEZAS DE AUTO",
"Piso EMA","PA-1434","CRUCETA MOSK 28MM",UNO,"12000",0,"PIEZAS DE AUTO",
"Piso EMA","PA-1436","CRUCETA CLARIA 29MM",UNO,"15000",5,"PIEZAS DE AUTO",
"Piso EMA","PA-1437","CULEBRILLA LADA",UNO,"5500",2,"PIEZAS DE AUTO",
"Piso EMA","PA-1438","CULEBRILLA MOSK",UNO,"5500",3,"PIEZAS DE AUTO",
"Piso EMA","PA-1439","CABLE EMERGENCIA LADA",UNO,"21000",0,"PIEZAS DE AUTO",
"Piso EMA","PA-1440","CABLE EMERGENCIA MOSK",UNO,"8000",2,"PIEZAS DE AUTO",
"Piso EMA","PA-1441","CALSO MOTOR LADA CRIOLLO",PAR,"9000",0,"PIEZAS DE AUTO",
"Piso EMA","PA-1442","CENTRALITA",UNO,"10000",3,"PIEZAS DE AUTO",
"Piso EMA","PA-1443","SELLO TURBINA LADA",UNO,"1700",49,"PIEZAS DE AUTO",
"Piso EMA","PA-1444","CARBON MOSK",UNO,"4000",7,"PIEZAS DE AUTO",
"Piso EMA","PA-1446","ELECTROVENTILADOR",UNO,"30000",2,"PIEZAS DE AUTO",
"Piso EMA","PA-1448","FILTRO ACEITE LADA",UNO,"7000",22,"PIEZAS DE AUTO",
"Piso EMA","PA-1449","FILTRO GASOLINA AZUL",UNO,"1300",10,"PIEZAS DE AUTO",
"Piso EMA","PA-1450","FILTRO ACEITE YUNDAY",UNO,"6000",3,"PIEZAS DE AUTO",
"Piso EMA","PA-1451","FILTRO ACEITE YILI",UNO,"3500",1,"PIEZAS DE AUTO",
"Piso EMA","PA-1453","FOCO GUARDAFANGO YUN",PAR,"7500",0,"PIEZAS DE AUTO",
"Piso EMA","PA-1454","TUBO DE ESCAPE FLEXIBLE",UNO,"15000",0,"PIEZAS DE AUTO",
"Piso EMA","PA-1455","FOCO LADA 1600 TRASERO",PAR,"30000",1,"PIEZAS DE AUTO",
"Piso EMA","PA-1458","FOCO INTERMITENTE LADA",PAR,"7500",0,"PIEZAS DE AUTO",
"Piso EMA","PA-1459","GATO HIDRAULICO TIJERA",UNO,"20100",3,"PIEZAS DE AUTO",
"Piso EMA","PA-1460","GOMA SELECT CAMBIO LADA",UNO,"3500",0,"PIEZAS DE AUTO",
"Piso EMA","PA-1461","INTERRUPTOR DE PIE",UNO,"2500",0,"PIEZAS DE AUTO",
"Piso EMA","PA-1463","MOTOR DE ARRANQUE DE CLARIA",UNO,"117000",0,"PIEZAS DE AUTO",
"Piso EMA","PA-1464","MOTOR DE ARRANQUE LADA",UNO,"65000",0,"PIEZAS DE AUTO",
"Piso EMA","PA-1466","INTERRUPTOR MOTOR ARRANQUE LADA",UNO,"10000",2,"PIEZAS DE AUTO",
"Piso EMA","PA-1468","INTERRUPTOR ESTACIONAMIENTO",UNO,"2500",4,"PIEZAS DE AUTO",
"Piso EMA","PA-1469","JUNKILLO(BARREDOR)",UNO,"21000",2,"PIEZAS DE AUTO",
"Piso EMA","PA-1470","JUNTA DE LADA MALETERO",UNO,"12000",2,"PIEZAS DE AUTO",
"Piso EMA","PA-1472","JUNTA PARABRISA MOSK",UNO,"12000",0,"PIEZAS DE AUTO",
"Piso EMA","PA-1473","JUEGO DE JUNTA BLOQ YUNDAY",UNO,"54000",13,"PIEZAS DE AUTO",
"Piso EMA","PA-1475","KIT DE JUNTAS DE MOTOR LADA",UNO,"10000",7,"PIEZAS DE AUTO",
"Piso EMA","PA-1489","LLAVIN PUERTA MOSK",UNO,"7000",2,"PIEZAS DE AUTO",
"Piso EMA","PA-1491","LLAVIN PUERTA LADA",UNO,"7000",0,"PIEZAS DE AUTO",
"Piso EMA","PA-1519","CALSO MOTOR MOSK",PAR,"12000",1,"PIEZAS DE AUTO",
"Piso EMA","PA-1597","JUNTA FINA PARA AUTOS",UNO,"5000",4,"PIEZAS DE AUTO",
"Piso EMA","PA-1598","JUNTA GRUEZA PARA AUTOS",UNO,"10000",3,"PIEZAS DE AUTO",
"Piso EMA","PA-1603","REPARACION SINFÍN LADA",UNO,"16000",2,"PIEZAS DE AUTO",
"Piso EMA","PA-1605","TANQUE LIQUIDO CLOCHE Y FRENO",UNO,"4000",7,"PIEZAS DE AUTO",
"Piso EMA","PA-1607","PORTA CHAPA AUTO",UNO,"12000",8,"PIEZAS DE AUTO",
"Piso EMA","PA-1608","VENTANILLAS ELECTRICAS",PAR,"55000",1,"PIEZAS DE AUTO",
"Piso EMA","PA-1609","JUNTA DE BLOCK YUNCHAY",UNO,"30000",2,"PIEZAS DE AUTO",
"Piso EMA","PA-1610","DISCO DE CLOCHE CLARIA 21 DIENTE",UNO,"46000",2,"PIEZAS DE AUTO",
"Piso EMA","PA-1613","TERMOSTATO LADA",UNO,"13000",1,"PIEZAS DE AUTO",
"Piso EMA","PA-1619","PIZARRA DIGITAL TEMPERATURA",UNO,"10500",5,"PIEZAS DE AUTO",
"Piso EMA","PA-1629","FORRO TIMON AUTO",UNO,"9000",5,"PIEZAS DE AUTO",
"Piso EMA","PA-1631","JUEGO DE BUJES DE CANGREJO DE PARRILLA LADA",UNO,"12000",0,"PIEZAS DE AUTO",
"Piso EMA","PA-1632","SINFÍN CORTO DE LADA",UNO,"80000",1,"PIEZAS DE AUTO",
"Piso EMA","PA-1633","VELETAS DE LADA",UNO,"5000",0,"PIEZAS DE AUTO",
"Piso EMA","PA-1634","REPARACION BOMBA DE AGUA DE LADA",UNO,"9000",5,"PIEZAS DE AUTO",
"Piso EMA","PA-1636","JUNTA DE BLOCK YUNDAY",UNO,"30000",0,"PIEZAS DE AUTO",
"Piso EMA","PA-1640","ALFONBRA DE GOMA PARA AUTO",UNO,"9000",3,"PIEZAS DE AUTO",
"Piso EMA","PA-1641","REPARACION CAJA 5TA LADA",UNO,"46200",1,"PIEZAS DE AUTO",
"Piso EMA","PA-1643","BOMBA ESCLAVA DE LADA",UNO,"14250",6,"PIEZAS DE AUTO",
"Piso EMA","PA-1644","BOMBA CLOCHE DE LADA",UNO,"17100",4,"PIEZAS DE AUTO",
"Piso EMA","PA-1645","DELCO ELECTRONICO MOSK",UNO,"45000",1,"PIEZAS DE AUTO",
"Piso EMA","PA-1646","DELCO ELECTRONICO LADA",UNO,"50000",0,"PIEZAS DE AUTO",
"Piso EMA","PA-1647","ESCOBILLAS SILICONA",UNO,"1750",96,"PIEZAS DE AUTO",
"Piso EMA","PA-1648","PALANCA EMERGENCIA KAMA",UNO,"16000",6,"PIEZAS DE AUTO",
"Piso EMA","PA-1651","NEBLINERO LARGO",UNO,"3500",0,"PIEZAS DE AUTO",
"Piso EMA","PA-1652","FILTROS DE GASOLINA METAL",UNO,"3000",0,"PIEZAS DE AUTO",
"Piso EMA","PA-1656","SELLOS 60/85/10",UNO,"1500",4,"PIEZAS DE AUTO",
"Piso EMA","PA-1658","MEZULAS DE MOSKOVICH JUEGO DE 4 UNID",UNO,"65000",8,"PIEZAS DE AUTO",
"Piso EMA","PA-1659","TERMINAL LARGA LADA",UNO,"6500",1,"PIEZAS DE AUTO",
"Piso EMA","PA-1660","TERMINAL CORTA LADA",UNO,"6000",3,"PIEZAS DE AUTO",
"Piso EMA","PA-1662","TURBINA AGUA DEL PARABRISAS",UNO,"3500",8,"PIEZAS DE AUTO",
"Piso EMA","PA-1664","TAPA DELCO MOSKOVICH",UNO,"4500",1,"PIEZAS DE AUTO",
"Piso EMA","PA-1670","PURIFICADOR DE AIRE (FORRO METALICO)",UNO,"20000",0,"PIEZAS DE AUTO",
"Piso EMA","PA-1701","KIT JUNTA DE MOTOR MOSK",UNO,"10000",2,"PIEZAS DE AUTO",
"Piso EMA","PA-1706","ESCOBILLAS CARRO MODERNO",UNO,"2500",0,"PIEZAS DE AUTO",
"Piso EMA","PA-1707","ESCOBILLAS DE LADA",UNO,"5500",0,"PIEZAS DE AUTO",
"Piso EMA","PA-1708","BRAZOS Y ESCOBILLAS DE LADA (JUEGO)",UNO,"9000",8,"PIEZAS DE AUTO",
"Piso EMA","PA-1711","PASTILLAS DE FRENO DE CLARIA (JUEGO)",UNO,"18000",0,"PIEZAS DE AUTO",
"Piso EMA","PA-1712","BANDAS DE FRENO LADA",UNO,"20000",1,"PIEZAS DE AUTO",
"Piso EMA","PA-1713","ROLLETES DE KAMA",UNO,"5000",7,"PIEZAS DE AUTO",
"Piso EMA","PA-1714","TE DIRECCION DE LADA",UNO,"3500",2,"PIEZAS DE AUTO",
"Piso EMA","PA-1718","GOMA DE FOCO DELANTERO DE LADA",UNO,"3500",2,"PIEZAS DE AUTO",
"Piso EMA","PA-1720","JUNTA DE BLOCK MOSK",UNO,"5500",13,"PIEZAS DE AUTO",
"Piso EMA","PA-1721","CRUCETA 27 Y 28 MM",UNO,"12000",2,"PIEZAS DE AUTO",
"Piso EMA","PA-1725","TAPA DE TANQUE DE LADA",UNO,"5500",3,"PIEZAS DE AUTO",
"Piso EMA","PA-1726","CANGREJOS DE DIRECCION DE LADA",UNO,"1500",3,"PIEZAS DE AUTO",
"Piso EMA","PA-1727","CIERRE O LLAVIN DE ALECO",UNO,"3500",7,"PIEZAS DE AUTO",
"Piso EMA","PA-1731","ENGANCHE MECANICO TRAILER",UNO,"49000",0,"PIEZAS DE AUTO",
"Piso EMA","PA-1732","ENGANCHE ELECTRICO TRAILER",UNO,"9000",4,"PIEZAS DE AUTO",
"Piso EMA","PA-1736","CALSO PARA MOTOR CAMIONES",UNO,"30000",2,"PIEZAS DE AUTO",
"Piso EMA","PA-1737","BARRA CORTA DE LADA",UNO,"15000",3,"PIEZAS DE AUTO",
"Piso EMA","PA-1738","BARRA CARDAN LADA",UNO,"100000",0,"PIEZAS DE AUTO",
"Piso EMA","PA-1739","FORRO DE PISO DE LADA",UNO,"53400",0,"PIEZAS DE AUTO",
"Piso EMA","PA-1740","MANGUERA RADIADOR CAMION",UNO,"9000",5,"PIEZAS DE AUTO",
"Piso EMA","PA-1741","CABLE BUJIA DE LADA",UNO,"7000",8,"PIEZAS DE AUTO",
"Piso EMA","PA-1744","CONSOLA DE LADA",UNO,"12000",1,"PIEZAS DE AUTO",
"Piso EMA","PA-1759","JUAGO DE SELLO MOSK",UNO,"3000",1,"PIEZAS DE AUTO",
"Piso EMA","PA-1762","TANQUE EXPANSION DE LADA",UNO,"10000",2,"PIEZAS DE AUTO",
"Piso EMA","PA-1769","PASTA PISTON",UNO,"3500",0,"PIEZAS DE AUTO",
"Piso EMA","PA-1770","MANILLA INTERIOR YEELI",UNO,"23000",1,"PIEZAS DE AUTO",
"Piso EMA","PA-1771","MANILLA EXTERIOR YEELY",UNO,"230000",1,"PIEZAS DE AUTO",
"Piso EMA","PA-1772","CHUCHO ROJO 10 AMP",UNO,"100",1,"PIEZAS DE AUTO",
"Piso EMA","PA-1773","FUSILERA MOSK",UNO,"3500",2,"PIEZAS DE AUTO",
"Piso EMA","PA-1775","POLEADOR DE LADA",UNO,"6500",2,"PIEZAS DE AUTO",
"Piso EMA","PA-1776","JUEGO DE FOCOS INTERMITENTES V8",UNO,"4500",2,"PIEZAS DE AUTO",
"Piso EMA","PA-1779","ASIENTOS DE LADA",UNO,"168000",1,"PIEZAS DE AUTO",
"Piso EMA","PB-1276","EJE BICICLETA",UNO,"900",0,"PIEZAS DE BICICLETA",
"Piso EMA","PB-1277","GOMA BICICLETA 26",UNO,"4500",0,"PIEZAS DE BICICLETA",
"Piso EMA","PB-1280","CHICHARRA",UNO,"2500",0,"PIEZAS DE BICICLETA",
"Piso EMA","PB-1281","MANILLA BICICLETA",PAR,"1500",0,"PIEZAS DE BICICLETA",
"Piso EMA","PB-1282","MASA",UNO,"4800",0,"PIEZAS DE BICICLETA",
"Piso EMA","PB-1283","SILLIN",UNO,"5000",0,"PIEZAS DE BICICLETA",
"Piso EMA","PB-1284","CADENA BICICLETA",UNO,"2000",0,"PIEZAS DE BICICLETA",
"Piso EMA","PB-1397","CAMARA 28 BICICLETA",UNO,"2200",0,"PIEZAS DE BICICLETA",
"Piso EMA","PB-1655","PUÑOS DE BICICLETA",UNO,"1000",3,"PIEZAS DE BICICLETA",
"Piso EMA","PB-1716","TACOS DE FRENO DE BICICLETA",UNO,"600",9,"PIEZAS DE BICICLETA",
"Piso EMA","PB-1760","CENTRO TRACERO BICICLETA",UNO,"4800",0,"PIEZAS DE BICICLETA",
"Piso EMA","PE-1478","BOTAS DE AGUA DE HOMBRE",PAR,"3500",0,"ARTICULOS DE LLUVIA Y SOL",
"Piso EMA","PE-1616","CAPAS  DE MOTO",UNO,"10500",5,"ARTICULOS DE LLUVIA Y SOL",
"Piso EMA","PM-1009","STOP DELANTERO MOTO",UNO,"700",65,"PIEZAS DE MOTO",
"Piso EMA","PM-1019","TENSOR CADENA MOTO",UNO,"1500",8,"PIEZAS DE MOTO",
"Piso EMA","PM-1035","AMORTIGUADOR MOTO",PAR,"20400",2,"PIEZAS DE MOTO",
"Piso EMA","PM-1038","CACHIMBA DE BUJIA",UNO,"700",9,"PIEZAS DE MOTO",
"Piso EMA","PM-1039","SELLO GN",UNO,"3500",6,"PIEZAS DE MOTO",
"Piso EMA","PM-1040","SELLO AX-100",UNO,"3500",4,"NEUMATICOS MOTO",
"Piso EMA","PM-1041","ESPEJO MOTORINA",PAR,"6000",0,"PIEZAS DE MOTO",
"Piso EMA","PM-1043","ESPEJO PANORAMICO",UNO,"12000",0,"PIEZAS DE MOTO",
"Piso EMA","PM-1045","SPROKE AX-100",UNO,"5500",4,"PIEZAS DE MOTO",
"Piso EMA","PM-1047","RAYOS DELANTEROS DE MOTO",UNO,"200",20,"PIEZAS DE MOTO",
"Piso EMA","PM-1048","RAYOS TRASEROS DE MOTO",UNO,"200",0,"PIEZAS DE MOTO",
"Piso EMA","PM-1049","CADENA MOTOR",UNO,"6800",3,"PIEZAS DE MOTO",
"Piso EMA","PM-1051","ESPEJO MOTOR",PAR,"5440",4,"PIEZAS DE MOTO",
"Piso EMA","PM-1052","FOCO TRASERO MOTOR",UNO,"6000",0,"PIEZAS DE MOTO",
"Piso EMA","PM-1053","FILTRO MOTOR GASOLINA",UNO,"350",6,"PIEZAS DE MOTO",
"Piso EMA","PM-1056","BANDA DE FRENO DE JAWA",UNO,"6000",1,"PIEZAS DE MOTO",
"Piso EMA","PM-1057","FOCO STOP FRENO AUTO (LUZ DE CHAPA)",UNO,"7000",0,"PIEZAS DE MOTO",
"Piso EMA","PM-1058","FOCO TRASERO MOTO LIFAN",UNO,"7500",0,"PIEZAS DE MOTO",
"Piso EMA","PM-1059","FIBRA GN",UNO,"3500",0,"PIEZAS DE MOTO",
"Piso EMA","PM-1060","FIBRA MINSK",UNO,"3000",1,"PIEZAS DE MOTO",
"Piso EMA","PM-1061","FIBRA JAWA",UNO,"5000",2,"PIEZAS DE MOTO",
"Piso EMA","PM-1063","LLAVE GASOLINA MOTO",UNO,"3500",5,"PIEZAS DE MOTO",
"Piso EMA","PM-1064","PULMON ELECTRO",UNO,"3500",4,"PIEZAS DE MOTO",
"Piso EMA","PM-1065","JUEGO FOLLER AX-100",PAR,"4000",1,"PIEZAS DE MOTO",
"Piso EMA","PM-1066","MALLA ASIENTO",UNO,"4000",0,"PIEZAS DE MOTO",
"Piso EMA","PM-1067","BANDA DE FRENO  AX-100",UNO,"3500",0,"PIEZAS DE MOTO",
"Piso EMA","PM-1068","MANILLA MOTOR C/ BOMBA",UNO,"4800",9,"PIEZAS DE MOTO",
"Piso EMA","PM-1070","MANGUERA CADENA",PAR,"4500",0,"PIEZAS DE MOTO",
"Piso EMA","PM-1071","MILLERO AX-100",UNO,"2000",0,"PIEZAS DE MOTO",
"Piso EMA","PM-1072","MUELLE PATA ARRANQUE",UNO,"1500",0,"PIEZAS DE MOTO",
"Piso EMA","PM-1074","MUELLE BURRO GN",UNO,"1500",0,"PIEZAS DE MOTO",
"Piso EMA","PM-1076","MANILLA CRIOLLA",UNO,"800",0,"PIEZAS DE MOTO",
"Piso EMA","PM-1080","RADIADOR DE ACEITE MOTO",UNO,"50000",2,"PIEZAS DE MOTO",
"Piso EMA","PM-1081","TIMON MOTO",UNO,"3500",0,"PIEZAS DE MOTO",
"Piso EMA","PM-1083","PASTILLA FRENO MOTORINA",UNO,"2500",11,"PIEZAS DE MOTO",
"Piso EMA","PM-1084","PUNO MOTORINA",UNO,"6500",1,"PIEZAS DE MOTO",
"Piso EMA","PM-1085","PIZARRA MOTORINA",UNO,"3500",0,"PIEZAS DE MOTO",
"Piso EMA","PM-1086","PITO MOTOR",UNO,"2000",11,"PIEZAS DE MOTO",
"Piso EMA","PM-1087","PUÑO MOTOR",PAR,"6500",0,"PIEZAS DE MOTO",
"Piso EMA","PM-1090","PORTA SPROKE",UNO,"3500",1,"PIEZAS DE MOTO",
"Piso EMA","PM-1091","CENTRO MOTO AX-100",UNO,"20000",1,"PIEZAS DE MOTO",
"Piso EMA","PM-1092","PINZA GN",UNO,"8500",0,"PIEZAS DE MOTO",
"Piso EMA","PM-1094","BOTONERA",UNO,"4800",2,"PIEZAS DE MOTO",
"Piso EMA","PM-1095","BIELA JAWA Y ETZ",UNO,"18000",3,"PIEZAS DE MOTO",
"Piso EMA","PM-1097","BOMBA TRASERA FRENO MOT",UNO,"5500",2,"PIEZAS DE MOTO",
"Piso EMA","PM-1100","INTERRUPTOR ARRANQ MOT",UNO,"4800",0,"PIEZAS DE MOTO",
"Piso EMA","PM-1102","MONIFLOR",UNO,"1500",0,"PIEZAS DE MOTO",
"Piso EMA","PM-1103","MANILLA FABRIC CLOCHE MOTO SIMPLE",UNO,"2800",1,"PIEZAS DE MOTO",
"Piso EMA","PM-1104","TAPA TANQUE MOTOR C/CHUCHO",UNO,"6500",1,"PIEZAS DE MOTO",
"Piso EMA","PM-1105","TORNILLO SPROKE MOTO",UNO,"1500",6,"PIEZAS DE MOTO",
"Piso EMA","PM-1106","PULMON DELANTERO MOTOR",UNO,"700",42,"PIEZAS DE MOTO",
"Piso EMA","PM-1452","GUARDAFANGO MOTOR",PAR,"4500",0,"PIEZAS DE MOTO",
"Piso EMA","PM-1500","JUNTA TUBO ESCAPE GN",UNO,"250",200,"PIEZAS DE MOTO",
"Piso EMA","PM-1620","CANDADO P/MOTO CON ALARMA",UNO,"8500",0,"PIEZAS DE MOTO",
"Piso EMA","PM-1622","CHUCHO ARRANQUE MOTORINA",UNO,"6500",0,"PIEZAS DE MOTO",
"Piso EMA","PM-1640","CABLE DE CLOCHE AX-100 Y GN",UNO,"1800",9,"PIEZAS DE MOTO",
"Piso EMA","PM-1641","CULEBRILLA AX-100 Y GN",UNO,"1800",6,"PIEZAS DE MOTO",
"Piso EMA","PM-1643","FILTRO DE GASOLINA CON MANGUERITA",UNO,"450",0,"PIEZAS DE MOTO",
"Piso EMA","PM-1647","FOCO DELANTERO DE AX-100",UNO,"8000",4,"PIEZAS DE MOTO",
"Piso EMA","PM-1648","FOCO TRACERO DE GN",UNO,"9000",2,"PIEZAS DE MOTO",
"Piso EMA","PM-1654","PITO DE DOS COLORES",UNO,"8000",0,"PIEZAS DE MOTO",
"Piso EMA","PM-1655","CORNETAS ROJAS",UNO,"8000",0,"PIEZAS DE MOTO",
"Piso EMA","PM-1659","COMANDO MOTO",UNO,"4800",0,"PIEZAS DE MOTO",
"Piso EMA","PM-1662","MANGUERRA HIDRAULICA P/,MOTOR (FRENO)",UNO,"2800",3,"PIEZAS DE MOTO",
"Piso EMA","PM-1669","CABLE DE FRENOS MOTO Y BICICLETAS",UNO,"800",2,"PIEZAS DE MOTO",
"Piso EMA","PM-1730","INSTALACION ELCTRICA MOTO",UNO,"5000",1,"PIEZAS DE MOTO",
"Piso EMA","PM-1756","CARBURADOR DE JAWA",UNO,"24000",1,"PIEZAS DE MOTO",
"Piso EMA","PM-1764","DISCO DE FRENO DE MOTO",UNO,"20400",1,"PIEZAS DE MOTO",
"Piso EMA","PM-1765","CARBURADOR DE AX-100",UNO,"12000",0,"PIEZAS DE MOTO",
"Piso EMA","PM-1766","CARBURADOR CORTINA P",UNO,"13000",1,"PIEZAS DE MOTO",
"Piso EMA","PM-1768","ALARMA MOTO",UNO,"12000",0,"PIEZAS DE MOTO",
"Piso EMA","PM-1774","TAPA DE TANQUE AUXILIAR",UNO,"800",0,"PIEZAS DE AUTO",
"Piso EMA","PM-1794","CAJA REGULADORA MOTORINA",UNO,"4500",0,"PIEZAS DE MOTO",
"Piso EMA","PM-1795","FILTRO DE ACEITE MOTO",UNO,"900",19,"PIEZAS DE MOTO",
"Piso EMA","PP-1199","PINTURA AZUL OSCURO  AUTOLUX 4LT",Lt,"5400",19,"PINTURAS",
"Piso EMA","PP-1213","SPRAY NEGRO",UNO,"1800",0,"PINTURAS",
"Piso EMA","PP-1214","PINTURA BLANCO AUTOLUX 4LT",Lt,"4000",25,"PINTURAS",
"Piso EMA","PP-1215","PINTURA MARFIL  AUTOLUX 4LT",Lt,"4000",31,"PINTURAS",
"Piso EMA","PP-1216","PINTURA AZUL MEDIO  AUTOLUX 4LT",Lt,"4000",48,"PINTURAS",
"Piso EMA","PP-1217","PINTURA VERDE MANZANA  PRIMAVERA INDUSTRIAL",Lt,"3600",0,"PINTURAS",
"Piso EMA","PP-1219","PINTURA VERDE OSCURO MET AUTOLUX 4LT",Lt,"5400",23,"PINTURAS",
"Piso EMA","PP-1220","PINTURA AMARILLA  AUTOLUX 4LT",Lt,"4000",51,"PINTURAS",
"Piso EMA","PP-1222","PINTURA NEGRO  AUTOLUX 4LT",Lt,"4000",274,"PINTURAS",
"Piso EMA","PP-1223","PINTURA ROJA INDUSTRIAL 1 LT",Lt,"3600",16,"PINTURAS",
"Piso EMA","PP-1224","PINTURA GRIS CLARO  AUTOLUX 4LT",Lt,"4000",149,"PINTURAS",
"Piso EMA","PP-1225","SPRAY DORADO",UNO,"200",12,"PINTURAS",
"Piso EMA","PP-1226","SPRAY PLATIADO",UNO,"1800",1,"PINTURAS",
"Piso EMA","PP-1227","SPRAY BLANCO",UNO,"2000",3,"PINTURAS",
"Piso EMA","PP-1228","SPRAY AMARILLO",UNO,"1800",0,"PINTURAS",
"Piso EMA","PP-1229","SPRAY VERDE CLARO FOSFORESCENTE",UNO,"1800",0,"PINTURAS",
"Piso EMA","PP-1230","SPRAY GRIS",UNO,"1800",0,"PINTURAS",
"Piso EMA","PP-1567","PINTURA INDUSTRIAL BARNIZ",Lt,"4000",63,"PINTURAS",
"Piso EMA","PP-1568","PINTURA INDUSTRIAL DORADA 1LT",Lt,"3600",0,"PINTURAS",
"Piso EMA","PP-1570","PINTURA INDUSTRIAL AMARILLA 1LT",Lt,"3600",1,"PINTURAS",
"Piso EMA","PP-1573","PINTURA INDUSTRIAL MARFIL 4LT",Lt,"3000",34,"PINTURAS",
"Piso EMA","PP-1574","PINTURA INDUSTRIAL BLANCO 4LT",Lt,"3000",0,"PINTURAS",
"Piso EMA","PP-1575","PINTURA INDUSTRIAL DURACROM 4LT",Lt,"3000",0,"PINTURAS",
"Piso EMA","PP-1576","PINTURA INDUSTRIAL METAL 4LT",Lt,"3000",0,"PINTURAS",
"Piso EMA","PP-1578","PINTURA ACRILICA CASA (CUBETA)",UNO,"6000",0,"PINTURAS",
"Piso EMA","PP-1735","PINTURA INDUSTRIAL ROJA 4 LT",Lt,"3000",2,"PINTURAS",
"Piso EMA","PP-1781","PINTURA IMPERMEABILIZANTE 1LT",UNO,"3300",0,"PINTURAS",
"Piso EMA","PP-1782","PINTURA CARMELITA 1LT",Lt,"3600",28,"PINTURAS",
"Piso EMA","R-1287","RODAMIENTO 6304",UNO,"1500",0,"RODAMIENTOS",
"Piso EMA","R-1326","RODAMIENTO 6203",UNO,"1500",17,"RODAMIENTOS",
"Piso EMA","R-1330","RODAMIENTO 6007",UNO,"2500",0,"RODAMIENTOS",
"Piso EMA","R-1341","RODAMIENTO 6301",UNO,"1500",5,"RODAMIENTOS",
"Piso EMA","R-1347","RODAMIENTO 6303",UNO,"1500",12,"RODAMIENTOS",
"Piso EMA","R-1352","RODAMIENTO 6204",UNO,"1500",0,"RODAMIENTOS",
"Piso EMA","R-1354","RODAMIENTO GRANDE LADA 7805",UNO,"7500",1,"RODAMIENTOS",
"Piso EMA","R-1376","RODAMIENTO LADA 6306",UNO,"3500",6,"RODAMIENTOS",
"Piso EMA","R-1394","RODAMIENTO 6305",UNO,"1500",0,"RODAMIENTOS",
"Piso EMA","R-1406","RODAMIENTO 6206",UNO,"2500",2,"RODAMIENTOS",
"Piso EMA","R-1407","RODAMIENTO 6306",UNO,"3500",2,"RODAMIENTOS",
"Piso EMA","R-1408","RODAMIENTO 6302",UNO,"1500",1,"RODAMIENTOS",
"Piso EMA","R-1412","RODAMIENTO 6202",UNO,"800",9,"RODAMIENTOS",
"Piso EMA","R-1429","RODAMIENTO V8",UNO,"10000",5,"RODAMIENTOS",
"Piso EMA","R-1435","RODAMIENTO 6008",UNO,"1500",15,"RODAMIENTOS",
"Piso EMA","R-1445","RODAMIENTO 6201",UNO,"800",52,"RODAMIENTOS",
"Piso EMA","R-1456","RODAMIENTO 6200",UNO,"800",0,"RODAMIENTOS",
"Piso EMA","R-1467","RODAMIENTO 6301",UNO,"1500",0,"RODAMIENTOS",
"Piso EMA","R-1604","RODAMIENTO BOMBAS DE AGUA",UNO,"1500",6,"RODAMIENTOS",
"Piso EMA","R-1637","RODAMIENTO 7804",UNO,"3500",12,"RODAMIENTOS",
"Piso EMA","R-1638","RODAMIENTO 32007",UNO,"4000",4,"RODAMIENTOS",
"Piso EMA","R-1639","ROLLETE 32007",UNO,"4000",3,"RODAMIENTOS",
"Piso EMA","R-1761","ROLLETE PEQUEÑO DE LADA",UNO,"3500",2,"RODAMIENTOS",
"Piso EMA","R-1765","RODAMIENTO 6006",UNO,"1500",4,"RODAMIENTOS",
"Piso EMA","R-1766","RODAMIENTO 6205",UNO,"1500",3,"RODAMIENTOS",
"Piso EMA","R-1767","RODAMIENTO 6002",UNO,"1500",2,"RODAMIENTOS",
"Piso EMA","R-1768","RODAMIENTO 30203",UNO,"2500",10,"RODAMIENTOS",
"Piso EMA","R-1769","RODAMIENTO 7805 (GRANDE LADA)",UNO,"2500",0,"RODAMIENTOS",
"Piso EMA","R-1770","RODAMIENTO 7206",UNO,"2500",1,"RODAMIENTOS",
"Piso EMA","R-1771","RODAMIENTO 30202",UNO,"2500",1,"RODAMIENTOS",
"Piso EMA","R-1772","RODAMIENTO 6010",UNO,"2500",1,"RODAMIENTOS",
"Piso EMA","R-1773","RODAMIENTO 7604",UNO,"2500",1,"RODAMIENTOS",
"Piso EMA","R-1774","RODAMIENTO 30206",UNO,"2500",1,"RODAMIENTOS",
"Piso EMA","PA-1797","BOMBA DE AGUA COMPLETA",UNO,"2000",0,"PIEZAS DE AUTO",
"Piso EMA","FF-1798","MASILLA SECADO RAPIDO 1.5LT",UNO,"15000",0,"FERRETERIA",
"Piso EMA","AL-1799","ACEITE AFT HIDRAULICO",Lt,"4500",4,"ACEITES Y LUBRICANTES",
"Piso EMA","FF-1800","JUEGOS DE PITO",UNO,"6000",2,"FERRETERIA",
"Piso EMA","R-1801","RODAMIENTO COLLARIN",UNO,"9000",2,"RODAMIENTOS",
"Piso EMA","FF-1802","TORNILLO 12 MM",UNO,"250",10,"FERRETERIA",
"Piso EMA","FF-1803","COMANDO DOBLE DE LUCES",UNO,"7500",1,"FERRETERIA",
"Piso EMA","PM-1804","RELAY ARRANQUE MOTOS",UNO,"2800",0,"PIEZAS DE MOTO",
"Piso EMA","FF-1805","PILOTOS LED",UNO,"600",32,"FERRETERIA",
"Piso EMA","PM-1806","PULMON FRENO TRACERO",UNO,"800",0,"PIEZAS DE MOTO",
"Piso EMA","PM-1807","INTERMITENTE PLASTICO",UNO,"5500",5,"PIEZAS DE MOTO",
"Piso EMA","PM-1808","INTERMITENTE JAWA",UNO,"6000",0,"PIEZAS DE MOTO",
"Piso EMA","FF-1809","BARRENA 8MM",UNO,"800",15,"FERRETERIA",
"Piso EMA","B-1810","BOMBILLA CHAPA AX-100",UNO,"2800",3,"BOMBILLOS",
"Piso EMA","FF-1811","TENAZA DE SOLDAR",UNO,"4800",2,"FERRETERIA",
"Piso EMA","NM-1812","CAMARA 18/275",UNO,"3500",0,"NEUMATICOS MOTO",
"Piso EMA","PM-1813","CALSO SPROKE GN",UNO,"700",9,"PIEZAS DE MOTO",
"Piso EMA","PM-1814","CALSO SPROKE AX-100",UNO,"700",12,"PIEZAS DE MOTO",
"Piso EMA","PM-1815","GOMA PATA DE CAMBIO",UNO,"800",2,"PIEZAS DE MOTO",
"Piso EMA","PM-1816","MUELLE PATA DE FRENO AX-10 /GN",UNO,"700",13,"PIEZAS DE MOTO",
"Piso EMA","FF-1817","BUJIAS DE IRIDIO",UNO,"2500",0,"FERRETERIA",
"Piso EMA","PA-1818","FILTRO DE DIESEL YUNCHAY",UNO,"8000",2,"PIEZAS DE AUTO",
"Piso EMA","PA-1819","FILTRO DE ACEITE YUNCHAY",UNO,"8000",2,"PIEZAS DE AUTO",
"Piso EMA","PA-1820","FILTRO DE ACEITE MOSK",UNO,"4500",6,"PIEZAS DE AUTO",
"Piso EMA","AL-1821","GRASA MOLLY",UNO,"3500",24,"ACEITES Y LUBRICANTES",
"Piso EMA","FF-1822","CAPACITOR 700 MF",UNO,"4800",2,"FERRETERIA",
"Piso EMA","FF-1823","CAPACITOR 25 MF",UNO,"2300",0,"FERRETERIA",
"Piso EMA","FF-1824","BROCHAS 1''",UNO,"350",2,"FERRETERIA",
"Piso EMA","FF-1825","LLAVE DE ANGULO",UNO,"1400",3,"FERRETERIA",
"Piso EMA","FF-1826","EXPANSIONADOR 8 MM",UNO,"350",131,"FERRETERIA",
"Piso EMA","FF-1827","EXPANSIONADOR 6 MM",UNO,"250",201,"FERRETERIA",
"Piso EMA","PP-1736","PINTURA INDUSTRIAL CAOBA 4 LT",Lt,"3000",0,"PINTURAS",
"Piso EMA","FF-1738","EXPANSION PLASTICA",UNO,"50",252,"FERRETERIA",
"Piso EMA","FF-1739","EXTENSION ELECTRICA 20 M",UNO,"6000",0,"FERRETERIA",
"Piso EMA","AL-1740","ACEITE MOLINOL 10 W 40 LT",Lt,"4000",11,"ACEITES Y LUBRICANTES",
"Piso EMA","PA-1742","CABLE DE CAMBIO DE YUNDAY",UNO,"49000",0,"PIEZAS DE AUTO",
"Piso EMA","PM-1743","JUEGO DE ESPEJOS MOTOR",PAR,"7500",0,"PIEZAS DE MOTO",
"Piso EMA","PA-1745","MEZULAS DE CLARIA",PAR,"21400",4,"PIEZAS DE AUTO",
"Piso EMA","PA-1764","CORREA GRANDE DE MOTOR",UNO,"2800",11,"PIEZAS DE AUTO",
"Piso EMA","ED-1764","BOCINAS PIONERS 450 WATT",UNO,"38400",1,"ELECTROS",
"Piso EMA","PA-1765","OBSTURADOR DE LADA",UNO,"3000",0,"PIEZAS DE AUTO",
"Piso EMA","NM-1764","NEUMATICO DE MOTO 16X300",UNO,"14000",1,"NEUMATICOS MOTO",
"Piso EMA","PB-1765","NEUMATICO BICICLETA 26",UNO,"4500",0,"PIEZAS DE BICICLETA",
"Piso EMA","FF-1765","PIZARRITAS DE MUSICA",UNO,"4500",1,"FERRETERIA",
"Piso EMA","FF-1766","TWITTER",UNO,"2500",3,"FERRETERIA",
"Piso EMA","FF-1768","SILICONA BRIDA",UNO,"4500",0,"FERRETERIA",
"Piso EMA","FF-1769","PROTECTOR FOCO",UNO,"6500",2,"FERRETERIA",
"Piso EMA","FF-1770","EMBELLECEDOR JUNQUILLO",m,"900",18,"FERRETERIA",
"Piso EMA","FF-1771","PORTATELEFONO AUTO",UNO,"3500",5,"FERRETERIA",
"Piso EMA","FF-1772","CARGADOR TELEFONO CARGA RAPIDA",UNO,"4000",1,"FERRETERIA",
"Piso EMA","FF-1773","PRECILLAS DE ACERO INOXIDABLE",UNO,"300",86,"FERRETERIA",
"Piso EMA","ED-1765","COMPRESOR STANDARD",UNO,"20000",0,"ELECTROS",
"Piso EMA","FF-1774","LAMPARAS LED 50W",UNO,"3500",6,"FERRETERIA",
"Piso EMA","FF-1775","BOMBA AIRE",UNO,"8000",4,"FERRETERIA",
"Piso EMA","PA-1780","PIZARRA MODERNA",UNO,"20000",1,"PIEZAS DE AUTO",
"Piso EMA","FF-1781","ROLLOS DE ALAMBRE DE SOLDAR",UNO,"15000",2,"FERRETERIA",
"Piso EMA","PA-1781","JUEGO DE PANTALLAS MEXICANAS",UNO,"20000",1,"PIEZAS DE AUTO",
"Piso EMA","FF-1782","BATERIAS DE LITIO",UNO,"1500",0,"FERRETERIA",
"Piso EMA","FF-1783","RELAY 30 A",UNO,"1000",0,"FERRETERIA",
"Piso EMA","AL-1764","CUAJO (PRODUCIR QUESO)",UNO,"4500",1,"ALIMENTOS",
"Piso EMA","NA-1764","GOMA 145/70/12",UNO,"37000",8,"NEUMATICOS AUTO",
"Piso EMA","BT-1765","BATERIA 60 A",UNO,"62700",2,"BATERIAS",
"Piso EMA","PA-1801","BOMBA DE FRENO DE LADA",UNO,"26000",4,"PIEZAS DE AUTO",
"Piso EMA","PA-1802","JUEGO DE CALSO MOTOR LADA",UNO,"14000",0,"PIEZAS DE AUTO",
"Piso EMA","PA-1803","CADENA DE DISTRIBUCION",UNO,"19000",1,"PIEZAS DE AUTO",
"Piso EMA","PA-1804","BOBINA ARRANQUE",UNO,"15000",1,"PIEZAS DE AUTO",
"Piso EMA","PA-1805","JUEGO DE PANTALLAS DE MOSK",UNO,"5000",1,"PIEZAS DE AUTO",
"Piso EMA","FF-1806","CABLE FOTOVOLTAICO",m,"2220",1982,"FERRETERIA",
"Piso EMA","PA-1806","MANGUERA Z LADA",UNO,"12600",1,"PIEZAS DE AUTO",
"Piso EMA","FF-1839","MATAJUNTAS",UNO,"900",52,"FERRETERIA",
"Piso EMA","FF-1840","FOGON DE MECHA",UNO,"15000",4,"FERRETERIA",
"Piso EMA","PA-1746","MANGUERA DE FRENO MOSK",UNO,"3500",4,"PIEZAS DE AUTO",
"Piso EMA","PA-1747","CORREA 163 DIENTES YUNDAY",UNO,"17000",1,"PIEZAS DE AUTO",
"Piso EMA","PA-1748","CALSO DE 6 HUECOS",UNO,"7500",0,"PIEZAS DE AUTO",
"Piso EMA","FF-1749","BUJIAS PUNTA DE PLATINO",UNO,"3000",20,"FERRETERIA",
"Piso EMA","FF-1751","LAMPARAS CON PANEL",UNO,"15000",4,"FERRETERIA",
"Piso EMA","ED-1752","POWER BANK",UNO,"12000",2,"ELECTROS",
"Piso EMA","FF-1754","ROLLOS DE ALAMBRE ACERADO",UNO,"900",1,"FERRETERIA",
"Piso EMA","PA-1755","TECLA DE 20 AMP",UNO,"1600",4,"PIEZAS DE AUTO",
"Piso EMA","PP-1756","SPRAY ROJO",UNO,"1800",0,"PINTURAS",
"Piso EMA","AL-1757","ACEITE JAZO 15W40 1LT",UNO,"5400",120,"ACEITES Y LUBRICANTES",
"Piso EMA","AL-1758","ACEITE JAZO 10W40 1LT",UNO,"5400",210,"ACEITES Y LUBRICANTES",
"Piso EMA","AL-1759","ACEITE SEMISINTETICO 15W40 4LT",Lt,"5400",174,"ACEITES Y LUBRICANTES",
"Piso EMA","AL-1760","ACEITE SEMISINTETICO 20W50 4LT",Lt,"5400",148,"ACEITES Y LUBRICANTES",
"Piso EMA","PA-1761","VELETA DE YUNDAY",UNO,"14000",2,"PIEZAS DE AUTO",
"Piso EMA","AL-1762","OCTANAJE DE GASOLINA 1LT",UNO,"4500",12,"ACEITES Y LUBRICANTES",
"Piso EMA","PA-1763","CAJA REGULADORA DE LADA",UNO,"3500",3,"PIEZAS DE AUTO",
"Piso EMA","ED-1841","CARGADOR BATERIA MOTORINA",UNO,"20000",0,"ELECTROS",
"Piso EMA","FF-1842","BREKERA (4 POSICIONES)",UNO,"7500",4,"FERRETERIA",
"Piso EMA","FF-1843","EXTENSION ELCTRICA 15M",UNO,"4800",0,"FERRETERIA",
"Piso EMA","FF-1844","EXTENSION BLANCA (VARIOS TOMAS)",UNO,"2800",0,"FERRETERIA",
"Piso EMA","FF-1845","LLAVE ALLEN PEQUEÑA",UNO,"2500",0,"FERRETERIA",
"Piso EMA","FF-1846","DESTUPIDOR BAÑO",UNO,"1300",7,"FERRETERIA",
"Piso EMA","PB-1847","TETERAS DE BICICLETA",UNO,"1500",7,"PIEZAS DE BICICLETA",
"Piso EMA","FF-1848","CAJA DE BREKERS (2 POSICIONES)",UNO,"3000",0,"FERRETERIA",
"Piso EMA","FF-1849","BUJIAS F5TC Y FT2L",UNO,"2000",14,"FERRETERIA",
"Piso EMA","PA-1850","FILTRO AIRE YUNDAY",UNO,"15000",0,"PIEZAS DE AUTO",
"Piso EMA","PA-1851","DISCO DE CLOCHE YUNDAY",UNO,"47400",2,"PIEZAS DE AUTO",
"Piso EMA","PA-1852","DISCO DE CLOCHE MOSCOVICH",UNO,"14000",0,"PIEZAS DE AUTO",
"Piso EMA","FF-1853","BREAKER 32 A DOBLE",UNO,"6500",2,"FERRETERIA",
"Piso EMA","PA-1854","BOMBA CLOSHE CLARIA",UNO,"20800",4,"PIEZAS DE AUTO",
"Piso EMA","PA-1855","BOMBA DE FRENO CLARIA",UNO,"51000",4,"PIEZAS DE AUTO",
"Piso EMA","PA-1856","BOMBA CLOSHE MOSK",UNO,"20000",0,"PIEZAS DE AUTO",
"Piso EMA","FF-1870","BREAKER TRIFASICO",UNO,"7000",0,"FERRETERIA",
"Piso EMA","FF-1871","CODO 3/4",UNO,"300",82,"FERRETERIA",
"Piso EMA","FF-1872","TEE 1/2",UNO,"250",37,"FERRETERIA",
"Piso EMA","FF-1873","DESTORNILLADOR PEQUENO",UNO,"300",8,"FERRETERIA",
"Piso EMA","FF-1874","ESTAÑO CIRCULAR",UNO,"2500",1,"FERRETERIA",
"Piso EMA","FF-1875","CINTA PARA TRAILER L",UNO,"2800",0,"FERRETERIA",
"Piso EMA","FF-1876","CINTA PARA TRAILER C",UNO,"4500",3,"FERRETERIA",
"Piso EMA","ED-1870","MOTOSIERRA",UNO,"140000",0,"ELECTROS",
"Piso EMA","FF-1879","BREAKER SENCILLO 32A",UNO,"1500",0,"FERRETERIA",
"Piso EMA","FF-1878","NIVEL",UNO,"3800",2,"FERRETERIA",
"Piso EMA","FF-1976","RODILLOS",UNO,"1600",6,"FERRETERIA",
"Piso EMA","FF-1974","TORNILLO EMBELLECEDOR MOTOS",UNO,"250",0,"FERRETERIA",
"Piso EMA","FF-1980","REGLETAS",UNO,"900",175,"FERRETERIA",
"Piso EMA","FF-1982","LIANZA 5M",UNO,"1500",4,"FERRETERIA",
"Piso EMA","FF-1983","CABLE No 16 (INSTALACION AUTO)",m,"200",0,"FERRETERIA",
"Piso EMA","AP-1980","TINTE ARABES (DISTINTOS COLORES)",UNO,"1200",10,"ARTICULOS DE ASEO Y BELLEZA",
"Piso EMA","PA-1870","JUNTA DE BLOCK DE LADA (76 X 79 MM)",UNO,"10000",4,"PIEZAS DE AUTO",
"Piso EMA","FF-1975","CUCHILLA",UNO,"200",0,"FERRETERIA",
"Piso EMA","FF-1971","CABLE ROYAL COOL 10",m,"950",138,"FERRETERIA",
"Piso EMA","FF-1970","BRIDA 4.8 X 350MM",UNO,"30",0,"FERRETERIA",
"Piso EMA","FF-1972","TENAZA PICATUBOS",UNO,"2500",6,"FERRETERIA",
"Piso EMA","FF-1973","LAMPARA DE TECHO (DISTROICA)",UNO,"1800",1,"FERRETERIA",
"Piso EMA","FF-1977","EXTENSION ELECTRICA 25 M (3 TOMAS)",UNO,"8000",1,"FERRETERIA",
"Piso EMA","FF-1978","CARBON LIJADORA",UNO,"1500",2,"FERRETERIA",
"Piso EMA","ED-1871","HORNILLA SENCILLA",UNO,"8000",1,"ELECTROS",
"Piso EMA","ED-1872","HORNILLA DOBLE",UNO,"12000",1,"ELECTROS",
"Piso EMA","FF-1979","TIRAFONDO 3.5 X 45 MM",UNO,"15",18,"FERRETERIA",
"Piso EMA","FF-1981","BOMBA DE AIRE",UNO,"6000",0,"FERRETERIA",
"Piso EMA","FF-1984","TOMACORRIENTE 20A",UNO,"2000",7,"FERRETERIA",
"Piso EMA","FF-1987","LLAVE MEZCLADORA DE FREGADERO",UNO,"21000",2,"FERRETERIA",
"Piso EMA","FF-1990","JUEGO DE BARRENAS DE TUGSTENO 1",UNO,"2500",1,"FERRETERIA",
"Piso EMA","FF-1991","JUEGO DE BARRENAS DE TUGSTENO 2",UNO,"2500",0,"FERRETERIA",
"Piso EMA","PP-1870","PINTURA ANTICORROCIVO INDUSTRIAL",Lt,"4000",0,"PINTURAS",
"Piso EMA","PP-1871","PINTURA INDUSTRIAL AZUL 1L",Lt,"4000",0,"PINTURAS",
"Piso EMA","PP-1880","PINTURA INDUSTRIAL VERDE 1L",Lt,"4000",0,"PINTURAS",
"Piso EMA","PA-1857","TAPA DE TANQUE MOSK",UNO,"6000",1,"PIEZAS DE AUTO",
"Piso EMA","PA-1858","RELAY 12 V 80 A",UNO,"1500",28,"PIEZAS DE AUTO",
"Piso EMA","FF-1859","FILTROS DE COMBUSTIBLE DOBLES",UNO,"3500",8,"FERRETERIA",
"Piso EMA","PA-1860","HIDROWA CLARIA",UNO,"76500",0,"PIEZAS DE AUTO",
"Piso EMA","PA-1861","CILINDRO FRENO DE LADA",UNO,"13000",2,"PIEZAS DE AUTO",
"Piso EMA","NA-1862","NEUMATICO 18-250 (PISTA)",UNO,"17000",2,"NEUMATICOS AUTO",
"Piso EMA","FF-1863","SOPORTE TV",UNO,"6500",0,"FERRETERIA",
"Piso EMA","FF-1864","SOPORTE TV",UNO,"3500",0,"FERRETERIA",
"Piso EMA","FF-1865","ALICATE O PINZA",UNO,"2300",0,"FERRETERIA",
"Piso EMA","FF-1866","JUEGO DE LLAVES",UNO,"12000",2,"FERRETERIA",
"Piso EMA","FF-1867","JUEGO DE LLAVES PEQUEÑAS",UNO,"10000",3,"FERRETERIA",
"Piso EMA","FF-1868","ROSCACHAPA",UNO,"50",244,"FERRETERIA",
"Piso EMA","FF-1869","LINTERNA",UNO,"3500",3,"FERRETERIA",
"Piso EMA","FF-1927","LAMPARA DE TECHO LED (DISTROICA)",UNO,"2000",8,"FERRETERIA",
"Piso EMA","FF-1922","DISCO CORTE TUGSTENO",UNO,"1600",3,"FERRETERIA",
"Piso EMA","FF-1923","DISCO CORTE TUGSTENO (CONCRETO)",UNO,"1600",3,"FERRETERIA",
"Piso EMA","FF-1722","EXTENSION ELECTRICA 5M",UNO,"3500",4,"FERRETERIA",
"Piso EMA","PP-1926","PINTURA IMPERMEABILIZANTE 10 LT",UNO,"25000",1,"PINTURAS",
"Piso EMA","FF-1854","BREAKER DOBLE 63A DC",UNO,"14250",0,"FERRETERIA",
"Piso EMA","FF-1801","TRANSFER 100 A",UNO,"41300",1,"FERRETERIA",
"Piso EMA","PP-1231","PINTURA ROJO-CHINO AUTOLUX 4LT",UNO,"5900",75,"PINTURAS",
"Piso EMA","PP-1232","PINTURA GRIS METAL AUTOLUX 4 LT",UNO,"4860",48,"PINTURAS",
"Piso EMA","ED-1927","VENTILADOR METALICO P/AUTO",UNO,"24500",1,"ELECTROS",
"Piso EMA","PA-1927","TAPA RADIADOR LADA",UNO,"0",0,"PIEZAS DE AUTO",
"Piso EMA","PA-1628","FILTRO DE ACEITE CLARIA",UNO,"7000",3,"PIEZAS DE AUTO",
"Piso EMA","ED-1828","VENTILADOR PLASTICO P/AUTO",UNO,"24500",0,"ELECTROS",
"Piso EMA","B-1825","BOMBILLO 24 VOLT 10 W",UNO,"600",10,"BOMBILLOS",
"Piso EMA","FF-2020","TORNILLO ALLEN",UNO,"300",149,"FERRETERIA",
"Piso EMA","FF-2021","TORNILLO ALLEN",UNO,"250",167,"FERRETERIA",
"Piso EMA","FF-2022","MARCO PARA ZEGUETA",UNO,"3000",2,"FERRETERIA",
"Piso EMA","FF-2023","MANGUERA PROT ELECTRICA",m,"700",22,"FERRETERIA",
"Piso EMA","FF-2024","DISCO DE CORTE DE DIAMANTE",UNO,"3500",11,"FERRETERIA",
"Piso EMA","FF-2026","CARETA DE SOLDAR POLARIZADA",UNO,"18000",2,"FERRETERIA",
"Piso EMA","ED-2021","LAMPARA SOLAR 50CM",UNO,"42000",2,"ELECTROS",
"Piso EMA","FF-2027","CONTROLADOR SOLAR",UNO,"120000",1,"FERRETERIA",
"Piso EMA","ED-2028","ALARMAS P/PANELES",UNO,"24000",8,"ELECTROS",
"Piso EMA","FF-2028","BREAKER 3 POLOS",UNO,"15000",1,"FERRETERIA",
"Piso EMA","PA-2021","DISCO DE CLOCHE DE CLARIA 24 DIENTES",UNO,"54000",1,"PIEZAS DE AUTO",
"Piso EMA","PA-2022","KIT JUNTA DE CLARIA",UNO,"66000",1,"PIEZAS DE AUTO",
"Piso EMA","FF-2029","JUEGO HERRAMIENTAS INST ELECTRICA",UNO,"16250",2,"FERRETERIA",
"Piso EMA","FF-2030","FUSIBLES DOBLES P/PANEL",UNO,"16250",3,"FERRETERIA",
"Piso EMA","FF-2040","JUEGO DE LLAVES C/ESTUCHE",UNO,"41600",1,"FERRETERIA",
"Piso EMA","FF-2031","CABLE DE ALIMENTACION ECOFLOW",UNO,"19200",16,"FERRETERIA",
"Piso EMA","FF-1896","PROTECCION P/PANEL (DC)",UNO,"16000",19,"FERRETERIA",
"Piso EMA","FF-1897","PIEDRA P/ESMERIL",UNO,"106000",0,"FERRETERIA",
"Piso EMA","FF-1898","ABRAZADERA LATERAL P/PANEL",UNO,"1800",32,"FERRETERIA",
"Piso EMA","FF-1899","ABRAZADERA INTERMEDIA P/PANEL",UNO,"1800",8,"FERRETERIA",
"Piso EMA","PA-1896","RELOJ DE TEMPERATURA WAS",UNO,"8000",1,"PIEZAS DE AUTO",
"Piso EMA","B-1896","FLASHING 3 PATAS",UNO,"1000",2,"BOMBILLOS",
"Piso EMA","ED-1899","PROTECTOR DE LINEA 220 VOLT",UNO,"16000",5,"ELECTROS",
"Piso EMA","FF-1901","TORNILLO DE HIERRO",UNO,"160",133,"FERRETERIA",
"Piso EMA","FF-1902","TOMACORRIENTE COMUN",UNO,"550",9,"FERRETERIA",
"Piso EMA","FF-1903","BREAKERA 3 POSICIONES",UNO,"4000",0,"FERRETERIA",
"Piso EMA","FF-1904","BREAKERA 1 POSICION",UNO,"2000",1,"FERRETERIA",
"Piso EMA","FF-1905","BREAKER SENCILLO 20 A",UNO,"3000",11,"FERRETERIA",
"Piso EMA","FF-1906","BREAKER SENCILLO 50 A",UNO,"1600",0,"FERRETERIA",
"Piso EMA","FF-1907","BREAKER SENCILLO 42 A",UNO,"1600",4,"FERRETERIA",
"Piso EMA","FF-1909","CODO 1/2",UNO,"350",92,"FERRETERIA",
"Piso EMA","FF-1910","UNIVERSAL 1/2",UNO,"400",15,"FERRETERIA",
"Piso EMA","FF-1911","TEFLON",UNO,"350",16,"FERRETERIA",
"Piso EMA","FF-1912","CODO 80 GRADOS",UNO,"500",12,"FERRETERIA",
"Piso EMA","FF-1913","SEMICODO 80 GRADOS",UNO,"500",12,"FERRETERIA",
"Piso EMA","FF-1914","NUDO O UNION 80 GRADOS",UNO,"350",12,"FERRETERIA",
"Piso EMA","ED-1873","LAMPARA SOLAR EPOXI",UNO,"28000",0,"ELECTROS",
"Piso EMA","ED-1874","LAMPARA SOLAR EPOXI",UNO,"35000",0,"ELECTROS",
"Piso EMA","FF-1992","JUEGO DE CUBOS EN SU ESTUCHE",UNO,"25000",1,"FERRETERIA",
"Piso EMA","FF-1877","DESTORNILLADOR GRANDE",UNO,"700",0,"FERRETERIA",
"Piso EMA","PA-1985","HIDROWA DE LADA",UNO,"45000",4,"PIEZAS DE AUTO",
"Piso EMA","FF-1986","ALARMAS DE PUERTAS",UNO,"3500",12,"FERRETERIA",
"Piso EMA","BT-1987","BATERIA 60 AMP",UNO,"57900",0,"BATERIAS",
"Piso EMA","BT-1988","BATERIA MOURA 200 AMP",UNO,"130000",0,"BATERIAS",
"Piso EMA","FF-1989","BREAKER MC 32 AMP (PANELES)",UNO,"16750",4,"FERRETERIA",
"Piso EMA","BT-1990","BATERIA 150 A M/MOURA",UNO,"111000",2,"BATERIAS",
"Piso EMA","FF-1993","BREAK 100 AMP PLANTA CUCHILLA",UNO,"20400",7,"FERRETERIA",
"Piso EMA","FF-1994","PERA SUBSIONADORA COMBUSTIBLE",UNO,"4500",2,"FERRETERIA",
"Piso EMA","FF-1995","SALIDA DE TRANQUE 1/2 Y 3/4",UNO,"1100",4,"FERRETERIA",
"Piso EMA","FF-1996","CARGADOR DE MOVIL EN AUTOS (CARGA RAPIDA)",UNO,"2500",11,"FERRETERIA",
"Piso EMA","R-1997","RODAMIENTO 608",UNO,"800",9,"RODAMIENTOS",
"Piso EMA","FF-1998","LLAVE DE PASO BRONCE 1/2",UNO,"2200",1,"FERRETERIA",
"Piso EMA","PA-1999","REPUESTO FOCO TRASERO MOSK",UNO,"8600",4,"PIEZAS DE AUTO",
"Piso EMA","ED-1891","LAMPARA SOLAR",UNO,"10000",2,"ELECTROS",
"Piso EMA","FF-1892","FORRO DE ASIENTO MOTOS",UNO,"4000",0,"FERRETERIA",
"Piso EMA","FF-1893","YEE PANEL",UNO,"12000",21,"FERRETERIA",
"Piso EMA","ED-1894","INVERSOR 3000 WATT",UNO,"79500",0,"ELECTROS",
"Piso EMA","FF-1895","BREAKER 40 AMP (DC)",UNO,"13250",2,"FERRETERIA",
"Piso EMA","FF-1925","CABLE Nro8",m,"1300",0,"FERRETERIA",
"Piso EMA","FF-1926","CABLE COAXIAL",m,"300",85,"FERRETERIA",
"Piso EMA","PA-1925","REPUESTO TRACERO MOSKOVICH",UNO,"11400",2,"PIEZAS DE AUTO",
"Piso EMA","PA-1926","JUEGO FOCOS GUARDAFANGO V8",UNO,"7500",3,"PIEZAS DE AUTO",
"Piso EMA","FF-1985","BREKERA 8 POSICIONES",UNO,"9000",2,"FERRETERIA",
"Piso EMA","FF-2001","BREKERA 6 POSICIONES",UNO,"8000",0,"FERRETERIA",
"Piso EMA","FF-2002","BREAKER SENCILLO 25 A",UNO,"3000",6,"FERRETERIA",
"Piso EMA","FF-2003","BISAGRAS PEQUEÑAS",UNO,"1100",0,"FERRETERIA",
"Piso EMA","FF-2004","CABLE ALIMENTACION OLLAS Y OTROS",UNO,"3500",10,"FERRETERIA",
"Piso EMA","PM-1006","CDI LIFAN Y GN",UNO,"6800",2,"PIEZAS DE MOTO",
"Piso EMA","BT-1005","BATERIA 220 A",UNO,"170000",15,"BATERIAS",
"Piso EMA","FF-1101","BREKERA 9 POSICIONES",UNO,"17000",10,"FERRETERIA",
"Piso EMA","FF-1102","BREKERA 13 POSICIONES",UNO,"20400",6,"FERRETERIA",
"Piso EMA","ED-1121","KIT SOLAR (INVERSOR+BATERIA) M/MUST",UNO,"2700000",2,"ELECTROS",
"Piso EMA","FF-1103","LIMPIADOR DE LLANTAS",UNO,"3000",9,"FERRETERIA",
"Piso EMA","FF-1104","TOLLAS LIMPIADORAS",UNO,"3500",3,"FERRETERIA",
"Piso EMA","FF-1105","LIMPIADOR DE ASIENTOS",UNO,"3000",9,"FERRETERIA",
"Piso EMA","FF-1106","LIMPIADOR CRISTALES",UNO,"3000",1,"FERRETERIA",
"Piso EMA","FF-1107","AMBIENTADOR PERFUMADO P/AUTOS",UNO,"2500",45,"FERRETERIA",
